-- phpMyAdmin SQL Dump
-- version 4.8.4
-- https://www.phpmyadmin.net/
--
-- Hôte : 127.0.0.1:3306
-- Généré le :  Dim 02 juin 2019 à 23:23
-- Version du serveur :  5.7.24
-- Version de PHP :  7.2.14

SET SQL_MODE = "NO_AUTO_VALUE_ON_ZERO";
SET AUTOCOMMIT = 0;
START TRANSACTION;
SET time_zone = "+00:00";


/*!40101 SET @OLD_CHARACTER_SET_CLIENT=@@CHARACTER_SET_CLIENT */;
/*!40101 SET @OLD_CHARACTER_SET_RESULTS=@@CHARACTER_SET_RESULTS */;
/*!40101 SET @OLD_COLLATION_CONNECTION=@@COLLATION_CONNECTION */;
/*!40101 SET NAMES utf8mb4 */;

--
-- Base de données :  `boulderdash`
--

DELIMITER $$
--
-- Procédures
--
DROP PROCEDURE IF EXISTS `addMap`$$
CREATE DEFINER=`root`@`localhost` PROCEDURE `addMap` (IN `nameMap` VARCHAR(255), IN `width` INT, IN `heigh` INT, IN `nbrDiamond` INT, IN `timeremaining` INT)  BEGIN
	IF NOT EXISTS(SELECT * FROM boulderdash.Map WHERE MapName = nameMap) THEN
  INSERT INTO boulderdash.Map (MapName, Width, Heigth, Diamond, RemainingTime) VALUES (nameMap, width, heigh, nbrDiamond, timeremaining);
		END IF ;
	END$$

DROP PROCEDURE IF EXISTS `addMapElement`$$
CREATE DEFINER=`root`@`localhost` PROCEDURE `addMapElement` (IN `nameMap` VARCHAR(255), IN `nameElement` VARCHAR(255), IN `X` INT, IN `Y` INT)  BEGIN
	IF NOT EXISTS(SELECT * FROM boulderdash.ObjectMap WHERE MapName = nameMAP AND TypeObject = nameElement AND CoordX = X AND CoordY = Y) THEN
    INSERT INTO boulderdash.ObjectMap (CoordX, CoordY, MapName, TypeObject) VALUES (X, Y, nameMAP, nameElement);
			END IF ;
END$$

DROP PROCEDURE IF EXISTS `addObjectType`$$
CREATE DEFINER=`root`@`localhost` PROCEDURE `addObjectType` (IN `OType` VARCHAR(255))  BEGIN
	IF NOT EXISTS(SELECT * FROM boulderdash.ObjectType WHERE TypeObject = OType) THEN
  INSERT INTO boulderdash.ObjectType (TypeObject) VALUE (OType);
		END IF ;
	END$$

DROP PROCEDURE IF EXISTS `getMap`$$
CREATE DEFINER=`root`@`localhost` PROCEDURE `getMap` (IN `NameMap` VARCHAR(255))  BEGIN
	DECLARE rowcount int;
		IF EXISTS(SELECT * FROM Map WHERE MapName = NameMap) THEN
    	SELECT * FROM Map WHERE MapName = NameMap;
			END IF ;
END$$

DROP PROCEDURE IF EXISTS `getMapNames`$$
CREATE DEFINER=`root`@`localhost` PROCEDURE `getMapNames` ()  BEGIN
	DECLARE rowcount int;

   SELECT MapName FROM boulderdash.Map;
END$$

DROP PROCEDURE IF EXISTS `getMapObjects`$$
CREATE DEFINER=`root`@`localhost` PROCEDURE `getMapObjects` (IN `NameMap` VARCHAR(255))  BEGIN
	DECLARE rowcount int;
		IF EXISTS(SELECT * FROM Map WHERE MapName = NameMap) THEN
    SELECT * FROM boulderdash.ObjectMap WHERE MapName = NameMap;
			END IF ;
END$$

DROP PROCEDURE IF EXISTS `getSizeMap`$$
CREATE DEFINER=`root`@`localhost` PROCEDURE `getSizeMap` (IN `nameMap` VARCHAR(255), OUT `outWidth` INTEGER, OUT `outHeight` INTEGER)  BEGIN
			SELECT Width INTO outWidth FROM boulderdash.Map WHERE MapName = nameMap;
			SELECT Heigth INTO outHeight FROM boulderdash.Map WHERE MapName = nameMap;
	END$$

DROP PROCEDURE IF EXISTS `removeMap`$$
CREATE DEFINER=`root`@`localhost` PROCEDURE `removeMap` (IN `nameMap` VARCHAR(255))  BEGIN
			IF EXISTS(SELECT * FROM Map WHERE MapName = nameMap) THEN
  	DELETE FROM boulderdash.Map WHERE MapName = nameMap;
				END IF;
	END$$

DROP PROCEDURE IF EXISTS `removeMapElement`$$
CREATE DEFINER=`root`@`localhost` PROCEDURE `removeMapElement` (IN `nameMAP` VARCHAR(255), IN `nameElement` VARCHAR(255))  BEGIN
		IF EXISTS(SELECT * FROM boulderdash.ObjectMap WHERE MapName = nameMAP AND TypeObject = nameElement) THEN
    DELETE FROM boulderdash.ObjectMap WHERE MapName = nameMAP AND TypeObject = nameElement;
			END IF;
	END$$

DROP PROCEDURE IF EXISTS `removeObjectType`$$
CREATE DEFINER=`root`@`localhost` PROCEDURE `removeObjectType` (IN `OType` VARCHAR(255))  BEGIN
	IF EXISTS(SELECT * FROM boulderdash.ObjectType WHERE TypeObject = OType) THEN
  DELETE FROM boulderdash.ObjectType WHERE TypeObject = OType;
		END IF ;
	END$$

DELIMITER ;

-- --------------------------------------------------------

--
-- Structure de la table `map`
--

DROP TABLE IF EXISTS `map`;
CREATE TABLE IF NOT EXISTS `map` (
  `MapName` varchar(255) NOT NULL,
  `Width` int(11) DEFAULT NULL,
  `Heigth` int(11) DEFAULT NULL,
  `Diamond` int(11) DEFAULT NULL,
  `RemainingTime` int(11) DEFAULT NULL,
  PRIMARY KEY (`MapName`)
) ENGINE=InnoDB DEFAULT CHARSET=latin1;

--
-- Déchargement des données de la table `map`
--

INSERT INTO `map` (`MapName`, `Width`, `Heigth`, `Diamond`, `RemainingTime`) VALUES
('world1', 15, 15, 4, 200),
('world2', 30, 30, 8, 200),
('world3', 60, 60, 8, 200),
('worldTest', 30, 17, 4, 200);

-- --------------------------------------------------------

--
-- Structure de la table `objectmap`
--

DROP TABLE IF EXISTS `objectmap`;
CREATE TABLE IF NOT EXISTS `objectmap` (
  `MapName` varchar(255) NOT NULL,
  `TypeObject` varchar(255) NOT NULL,
  `CoordX` int(11) NOT NULL,
  `CoordY` int(11) NOT NULL,
  PRIMARY KEY (`MapName`,`TypeObject`,`CoordY`,`CoordX`),
  KEY `ObjectMap_ObjectType_TypeObject_fk` (`TypeObject`)
) ENGINE=InnoDB DEFAULT CHARSET=latin1;

--
-- Déchargement des données de la table `objectmap`
--

INSERT INTO `objectmap` (`MapName`, `TypeObject`, `CoordX`, `CoordY`) VALUES
('world1', 'CHARACTER', 4, 2),
('world2', 'CHARACTER', 3, 2),
('world3', 'CHARACTER', 3, 2),
('world3', 'CHARACTER', 3, 3),
('worldTest', 'CHARACTER', 10, 3),
('world1', 'DIAMOND', 5, 4),
('world1', 'DIAMOND', 6, 4),
('world1', 'DIAMOND', 7, 4),
('world1', 'DIAMOND', 8, 4),
('world2', 'DIAMOND', 1, 5),
('world2', 'DIAMOND', 28, 7),
('world2', 'DIAMOND', 19, 14),
('world2', 'DIAMOND', 2, 18),
('world2', 'DIAMOND', 3, 18),
('world2', 'DIAMOND', 4, 18),
('world2', 'DIAMOND', 2, 28),
('world2', 'DIAMOND', 28, 28),
('world3', 'DIAMOND', 1, 5),
('world3', 'DIAMOND', 1, 6),
('world3', 'DIAMOND', 28, 7),
('world3', 'DIAMOND', 28, 8),
('world3', 'DIAMOND', 17, 12),
('world3', 'DIAMOND', 17, 13),
('world3', 'DIAMOND', 19, 14),
('world3', 'DIAMOND', 19, 15),
('world3', 'DIAMOND', 2, 18),
('world3', 'DIAMOND', 3, 18),
('world3', 'DIAMOND', 4, 18),
('world3', 'DIAMOND', 2, 28),
('world3', 'DIAMOND', 28, 28),
('worldTest', 'DIAMOND', 9, 7),
('worldTest', 'DIAMOND', 13, 7),
('world1', 'DIRT', 1, 1),
('world1', 'DIRT', 2, 1),
('world1', 'DIRT', 3, 1),
('world1', 'DIRT', 5, 1),
('world1', 'DIRT', 6, 1),
('world1', 'DIRT', 7, 1),
('world1', 'DIRT', 8, 1),
('world1', 'DIRT', 1, 2),
('world1', 'DIRT', 2, 2),
('world1', 'DIRT', 3, 2),
('world1', 'DIRT', 5, 2),
('world1', 'DIRT', 6, 2),
('world1', 'DIRT', 7, 2),
('world1', 'DIRT', 8, 2),
('world1', 'DIRT', 1, 3),
('world1', 'DIRT', 2, 3),
('world1', 'DIRT', 3, 3),
('world1', 'DIRT', 4, 3),
('world1', 'DIRT', 5, 3),
('world1', 'DIRT', 6, 3),
('world1', 'DIRT', 7, 3),
('world1', 'DIRT', 8, 3),
('world1', 'DIRT', 1, 4),
('world1', 'DIRT', 2, 4),
('world1', 'DIRT', 3, 4),
('world1', 'DIRT', 4, 4),
('world1', 'DIRT', 1, 5),
('world1', 'DIRT', 6, 5),
('world1', 'DIRT', 7, 5),
('world1', 'DIRT', 8, 5),
('world1', 'DIRT', 1, 6),
('world1', 'DIRT', 7, 6),
('world1', 'DIRT', 8, 6),
('world1', 'DIRT', 9, 6),
('world1', 'DIRT', 1, 7),
('world1', 'DIRT', 3, 7),
('world1', 'DIRT', 4, 7),
('world1', 'DIRT', 5, 7),
('world1', 'DIRT', 6, 7),
('world1', 'DIRT', 7, 7),
('world1', 'DIRT', 8, 7),
('world1', 'DIRT', 1, 8),
('world1', 'DIRT', 2, 8),
('world1', 'DIRT', 3, 8),
('world1', 'DIRT', 4, 8),
('world1', 'DIRT', 5, 8),
('world1', 'DIRT', 6, 8),
('world1', 'DIRT', 7, 8),
('world2', 'DIRT', 1, 2),
('world2', 'DIRT', 5, 2),
('world2', 'DIRT', 6, 2),
('world2', 'DIRT', 7, 2),
('world2', 'DIRT', 8, 2),
('world2', 'DIRT', 9, 2),
('world2', 'DIRT', 10, 2),
('world2', 'DIRT', 11, 2),
('world2', 'DIRT', 12, 2),
('world2', 'DIRT', 13, 2),
('world2', 'DIRT', 14, 2),
('world2', 'DIRT', 17, 2),
('world2', 'DIRT', 18, 2),
('world2', 'DIRT', 19, 2),
('world2', 'DIRT', 20, 2),
('world2', 'DIRT', 21, 2),
('world2', 'DIRT', 22, 2),
('world2', 'DIRT', 23, 2),
('world2', 'DIRT', 24, 2),
('world2', 'DIRT', 25, 2),
('world2', 'DIRT', 26, 2),
('world2', 'DIRT', 27, 2),
('world2', 'DIRT', 28, 2),
('world2', 'DIRT', 1, 3),
('world2', 'DIRT', 3, 3),
('world2', 'DIRT', 4, 3),
('world2', 'DIRT', 5, 3),
('world2', 'DIRT', 6, 3),
('world2', 'DIRT', 7, 3),
('world2', 'DIRT', 8, 3),
('world2', 'DIRT', 9, 3),
('world2', 'DIRT', 10, 3),
('world2', 'DIRT', 11, 3),
('world2', 'DIRT', 12, 3),
('world2', 'DIRT', 13, 3),
('world2', 'DIRT', 14, 3),
('world2', 'DIRT', 15, 3),
('world2', 'DIRT', 19, 3),
('world2', 'DIRT', 20, 3),
('world2', 'DIRT', 21, 3),
('world2', 'DIRT', 22, 3),
('world2', 'DIRT', 23, 3),
('world2', 'DIRT', 24, 3),
('world2', 'DIRT', 25, 3),
('world2', 'DIRT', 26, 3),
('world2', 'DIRT', 27, 3),
('world2', 'DIRT', 28, 3),
('world2', 'DIRT', 2, 5),
('world2', 'DIRT', 3, 5),
('world2', 'DIRT', 4, 5),
('world2', 'DIRT', 5, 5),
('world2', 'DIRT', 7, 5),
('world2', 'DIRT', 8, 5),
('world2', 'DIRT', 9, 5),
('world2', 'DIRT', 10, 5),
('world2', 'DIRT', 11, 5),
('world2', 'DIRT', 12, 5),
('world2', 'DIRT', 13, 5),
('world2', 'DIRT', 14, 5),
('world2', 'DIRT', 15, 5),
('world2', 'DIRT', 16, 5),
('world2', 'DIRT', 17, 5),
('world2', 'DIRT', 18, 5),
('world2', 'DIRT', 19, 5),
('world2', 'DIRT', 20, 5),
('world2', 'DIRT', 21, 5),
('world2', 'DIRT', 22, 5),
('world2', 'DIRT', 23, 5),
('world2', 'DIRT', 24, 5),
('world2', 'DIRT', 25, 5),
('world2', 'DIRT', 26, 5),
('world2', 'DIRT', 27, 5),
('world2', 'DIRT', 28, 5),
('world2', 'DIRT', 7, 6),
('world2', 'DIRT', 8, 6),
('world2', 'DIRT', 9, 6),
('world2', 'DIRT', 10, 6),
('world2', 'DIRT', 11, 6),
('world2', 'DIRT', 12, 6),
('world2', 'DIRT', 13, 6),
('world2', 'DIRT', 14, 6),
('world2', 'DIRT', 15, 6),
('world2', 'DIRT', 16, 6),
('world2', 'DIRT', 17, 6),
('world2', 'DIRT', 18, 6),
('world2', 'DIRT', 19, 6),
('world2', 'DIRT', 20, 6),
('world2', 'DIRT', 21, 6),
('world2', 'DIRT', 22, 6),
('world2', 'DIRT', 23, 6),
('world2', 'DIRT', 24, 6),
('world2', 'DIRT', 25, 6),
('world2', 'DIRT', 26, 6),
('world2', 'DIRT', 27, 6),
('world2', 'DIRT', 28, 6),
('world2', 'DIRT', 7, 7),
('world2', 'DIRT', 8, 7),
('world2', 'DIRT', 9, 7),
('world2', 'DIRT', 10, 7),
('world2', 'DIRT', 11, 7),
('world2', 'DIRT', 12, 7),
('world2', 'DIRT', 13, 7),
('world2', 'DIRT', 14, 7),
('world2', 'DIRT', 15, 7),
('world2', 'DIRT', 16, 7),
('world2', 'DIRT', 17, 7),
('world2', 'DIRT', 18, 7),
('world2', 'DIRT', 19, 7),
('world2', 'DIRT', 20, 7),
('world2', 'DIRT', 21, 7),
('world2', 'DIRT', 22, 7),
('world2', 'DIRT', 23, 7),
('world2', 'DIRT', 24, 7),
('world2', 'DIRT', 25, 7),
('world2', 'DIRT', 26, 7),
('world2', 'DIRT', 1, 8),
('world2', 'DIRT', 2, 8),
('world2', 'DIRT', 3, 8),
('world2', 'DIRT', 4, 8),
('world2', 'DIRT', 7, 8),
('world2', 'DIRT', 8, 8),
('world2', 'DIRT', 9, 8),
('world2', 'DIRT', 10, 8),
('world2', 'DIRT', 11, 8),
('world2', 'DIRT', 12, 8),
('world2', 'DIRT', 13, 8),
('world2', 'DIRT', 14, 8),
('world2', 'DIRT', 15, 8),
('world2', 'DIRT', 16, 8),
('world2', 'DIRT', 17, 8),
('world2', 'DIRT', 18, 8),
('world2', 'DIRT', 19, 8),
('world2', 'DIRT', 20, 8),
('world2', 'DIRT', 21, 8),
('world2', 'DIRT', 22, 8),
('world2', 'DIRT', 23, 8),
('world2', 'DIRT', 24, 8),
('world2', 'DIRT', 25, 8),
('world2', 'DIRT', 26, 8),
('world2', 'DIRT', 27, 8),
('world2', 'DIRT', 28, 8),
('world2', 'DIRT', 1, 9),
('world2', 'DIRT', 2, 9),
('world2', 'DIRT', 3, 9),
('world2', 'DIRT', 4, 9),
('world2', 'DIRT', 5, 9),
('world2', 'DIRT', 6, 9),
('world2', 'DIRT', 7, 9),
('world2', 'DIRT', 8, 9),
('world2', 'DIRT', 9, 9),
('world2', 'DIRT', 10, 9),
('world2', 'DIRT', 11, 9),
('world2', 'DIRT', 12, 9),
('world2', 'DIRT', 13, 9),
('world2', 'DIRT', 14, 9),
('world2', 'DIRT', 18, 9),
('world2', 'DIRT', 19, 9),
('world2', 'DIRT', 20, 9),
('world2', 'DIRT', 21, 9),
('world2', 'DIRT', 22, 9),
('world2', 'DIRT', 23, 9),
('world2', 'DIRT', 24, 9),
('world2', 'DIRT', 25, 9),
('world2', 'DIRT', 26, 9),
('world2', 'DIRT', 27, 9),
('world2', 'DIRT', 28, 9),
('world2', 'DIRT', 1, 10),
('world2', 'DIRT', 2, 10),
('world2', 'DIRT', 3, 10),
('world2', 'DIRT', 4, 10),
('world2', 'DIRT', 7, 10),
('world2', 'DIRT', 8, 10),
('world2', 'DIRT', 9, 10),
('world2', 'DIRT', 10, 10),
('world2', 'DIRT', 11, 10),
('world2', 'DIRT', 12, 10),
('world2', 'DIRT', 13, 10),
('world2', 'DIRT', 14, 10),
('world2', 'DIRT', 15, 10),
('world2', 'DIRT', 16, 10),
('world2', 'DIRT', 17, 10),
('world2', 'DIRT', 18, 10),
('world2', 'DIRT', 19, 10),
('world2', 'DIRT', 20, 10),
('world2', 'DIRT', 21, 10),
('world2', 'DIRT', 22, 10),
('world2', 'DIRT', 23, 10),
('world2', 'DIRT', 24, 10),
('world2', 'DIRT', 25, 10),
('world2', 'DIRT', 26, 10),
('world2', 'DIRT', 27, 10),
('world2', 'DIRT', 28, 10),
('world2', 'DIRT', 1, 11),
('world2', 'DIRT', 2, 11),
('world2', 'DIRT', 3, 11),
('world2', 'DIRT', 4, 11),
('world2', 'DIRT', 5, 11),
('world2', 'DIRT', 6, 11),
('world2', 'DIRT', 7, 11),
('world2', 'DIRT', 8, 11),
('world2', 'DIRT', 9, 11),
('world2', 'DIRT', 10, 11),
('world2', 'DIRT', 12, 11),
('world2', 'DIRT', 13, 11),
('world2', 'DIRT', 14, 11),
('world2', 'DIRT', 15, 11),
('world2', 'DIRT', 16, 11),
('world2', 'DIRT', 17, 11),
('world2', 'DIRT', 18, 11),
('world2', 'DIRT', 19, 11),
('world2', 'DIRT', 20, 11),
('world2', 'DIRT', 21, 11),
('world2', 'DIRT', 22, 11),
('world2', 'DIRT', 23, 11),
('world2', 'DIRT', 24, 11),
('world2', 'DIRT', 25, 11),
('world2', 'DIRT', 26, 11),
('world2', 'DIRT', 28, 11),
('world2', 'DIRT', 1, 12),
('world2', 'DIRT', 2, 12),
('world2', 'DIRT', 3, 12),
('world2', 'DIRT', 4, 12),
('world2', 'DIRT', 5, 12),
('world2', 'DIRT', 6, 12),
('world2', 'DIRT', 7, 12),
('world2', 'DIRT', 8, 12),
('world2', 'DIRT', 9, 12),
('world2', 'DIRT', 10, 12),
('world2', 'DIRT', 11, 12),
('world2', 'DIRT', 12, 12),
('world2', 'DIRT', 13, 12),
('world2', 'DIRT', 14, 12),
('world2', 'DIRT', 15, 12),
('world2', 'DIRT', 16, 12),
('world2', 'DIRT', 17, 12),
('world2', 'DIRT', 18, 12),
('world2', 'DIRT', 19, 12),
('world2', 'DIRT', 20, 12),
('world2', 'DIRT', 21, 12),
('world2', 'DIRT', 22, 12),
('world2', 'DIRT', 23, 12),
('world2', 'DIRT', 24, 12),
('world2', 'DIRT', 25, 12),
('world2', 'DIRT', 26, 12),
('world2', 'DIRT', 27, 12),
('world2', 'DIRT', 28, 12),
('world2', 'DIRT', 1, 13),
('world2', 'DIRT', 2, 13),
('world2', 'DIRT', 3, 13),
('world2', 'DIRT', 4, 13),
('world2', 'DIRT', 5, 13),
('world2', 'DIRT', 6, 13),
('world2', 'DIRT', 7, 13),
('world2', 'DIRT', 8, 13),
('world2', 'DIRT', 16, 13),
('world2', 'DIRT', 17, 13),
('world2', 'DIRT', 18, 13),
('world2', 'DIRT', 19, 13),
('world2', 'DIRT', 20, 13),
('world2', 'DIRT', 21, 13),
('world2', 'DIRT', 22, 13),
('world2', 'DIRT', 23, 13),
('world2', 'DIRT', 9, 15),
('world2', 'DIRT', 10, 15),
('world2', 'DIRT', 11, 15),
('world2', 'DIRT', 12, 15),
('world2', 'DIRT', 13, 15),
('world2', 'DIRT', 14, 15),
('world2', 'DIRT', 24, 15),
('world2', 'DIRT', 25, 15),
('world2', 'DIRT', 26, 15),
('world2', 'DIRT', 27, 15),
('world2', 'DIRT', 28, 15),
('world2', 'DIRT', 1, 16),
('world2', 'DIRT', 2, 16),
('world2', 'DIRT', 3, 16),
('world2', 'DIRT', 4, 16),
('world2', 'DIRT', 5, 16),
('world2', 'DIRT', 6, 16),
('world2', 'DIRT', 7, 16),
('world2', 'DIRT', 8, 16),
('world2', 'DIRT', 9, 16),
('world2', 'DIRT', 10, 16),
('world2', 'DIRT', 11, 16),
('world2', 'DIRT', 12, 16),
('world2', 'DIRT', 13, 16),
('world2', 'DIRT', 14, 16),
('world2', 'DIRT', 15, 16),
('world2', 'DIRT', 16, 16),
('world2', 'DIRT', 17, 16),
('world2', 'DIRT', 18, 16),
('world2', 'DIRT', 19, 16),
('world2', 'DIRT', 20, 16),
('world2', 'DIRT', 21, 16),
('world2', 'DIRT', 22, 16),
('world2', 'DIRT', 23, 16),
('world2', 'DIRT', 24, 16),
('world2', 'DIRT', 25, 16),
('world2', 'DIRT', 26, 16),
('world2', 'DIRT', 28, 16),
('world2', 'DIRT', 6, 17),
('world2', 'DIRT', 7, 17),
('world2', 'DIRT', 8, 17),
('world2', 'DIRT', 9, 17),
('world2', 'DIRT', 10, 17),
('world2', 'DIRT', 11, 17),
('world2', 'DIRT', 12, 17),
('world2', 'DIRT', 13, 17),
('world2', 'DIRT', 14, 17),
('world2', 'DIRT', 15, 17),
('world2', 'DIRT', 16, 17),
('world2', 'DIRT', 17, 17),
('world2', 'DIRT', 18, 17),
('world2', 'DIRT', 19, 17),
('world2', 'DIRT', 20, 17),
('world2', 'DIRT', 21, 17),
('world2', 'DIRT', 22, 17),
('world2', 'DIRT', 23, 17),
('world2', 'DIRT', 24, 17),
('world2', 'DIRT', 25, 17),
('world2', 'DIRT', 26, 17),
('world2', 'DIRT', 27, 17),
('world2', 'DIRT', 28, 17),
('world2', 'DIRT', 24, 19),
('world2', 'DIRT', 25, 19),
('world2', 'DIRT', 26, 19),
('world2', 'DIRT', 27, 19),
('world2', 'DIRT', 28, 19),
('world2', 'DIRT', 2, 20),
('world2', 'DIRT', 3, 20),
('world2', 'DIRT', 4, 20),
('world2', 'DIRT', 5, 20),
('world2', 'DIRT', 6, 20),
('world2', 'DIRT', 7, 20),
('world2', 'DIRT', 8, 20),
('world2', 'DIRT', 9, 20),
('world2', 'DIRT', 10, 20),
('world2', 'DIRT', 11, 20),
('world2', 'DIRT', 12, 20),
('world2', 'DIRT', 13, 20),
('world2', 'DIRT', 14, 20),
('world2', 'DIRT', 15, 20),
('world2', 'DIRT', 16, 20),
('world2', 'DIRT', 17, 20),
('world2', 'DIRT', 18, 20),
('world2', 'DIRT', 19, 20),
('world2', 'DIRT', 20, 20),
('world2', 'DIRT', 21, 20),
('world2', 'DIRT', 22, 20),
('world2', 'DIRT', 24, 22),
('world2', 'DIRT', 25, 22),
('world2', 'DIRT', 24, 23),
('world2', 'DIRT', 25, 23),
('world2', 'DIRT', 26, 23),
('world2', 'DIRT', 27, 23),
('world2', 'DIRT', 28, 23),
('world2', 'DIRT', 24, 24),
('world2', 'DIRT', 25, 24),
('world2', 'DIRT', 26, 24),
('world2', 'DIRT', 27, 24),
('world2', 'DIRT', 28, 24),
('world2', 'DIRT', 24, 25),
('world2', 'DIRT', 25, 25),
('world2', 'DIRT', 26, 25),
('world2', 'DIRT', 27, 25),
('world2', 'DIRT', 28, 25),
('world2', 'DIRT', 7, 27),
('world2', 'DIRT', 8, 27),
('world2', 'DIRT', 9, 27),
('world2', 'DIRT', 10, 27),
('world2', 'DIRT', 11, 27),
('world2', 'DIRT', 12, 27),
('world2', 'DIRT', 13, 27),
('world2', 'DIRT', 14, 27),
('world2', 'DIRT', 15, 27),
('world2', 'DIRT', 16, 27),
('world2', 'DIRT', 17, 27),
('world2', 'DIRT', 18, 27),
('world2', 'DIRT', 19, 27),
('world2', 'DIRT', 20, 27),
('world2', 'DIRT', 21, 27),
('world2', 'DIRT', 7, 28),
('world2', 'DIRT', 15, 28),
('world2', 'DIRT', 16, 28),
('world2', 'DIRT', 17, 28),
('world2', 'DIRT', 18, 28),
('world2', 'DIRT', 19, 28),
('world2', 'DIRT', 20, 28),
('world2', 'DIRT', 21, 28),
('world2', 'DIRT', 22, 28),
('world2', 'DIRT', 23, 28),
('world2', 'DIRT', 24, 28),
('world2', 'DIRT', 25, 28),
('world2', 'DIRT', 26, 28),
('world2', 'DIRT', 27, 28),
('world3', 'DIRT', 1, 2),
('world3', 'DIRT', 5, 2),
('world3', 'DIRT', 6, 2),
('world3', 'DIRT', 7, 2),
('world3', 'DIRT', 8, 2),
('world3', 'DIRT', 9, 2),
('world3', 'DIRT', 10, 2),
('world3', 'DIRT', 11, 2),
('world3', 'DIRT', 12, 2),
('world3', 'DIRT', 13, 2),
('world3', 'DIRT', 14, 2),
('world3', 'DIRT', 17, 2),
('world3', 'DIRT', 18, 2),
('world3', 'DIRT', 19, 2),
('world3', 'DIRT', 20, 2),
('world3', 'DIRT', 21, 2),
('world3', 'DIRT', 22, 2),
('world3', 'DIRT', 23, 2),
('world3', 'DIRT', 24, 2),
('world3', 'DIRT', 25, 2),
('world3', 'DIRT', 26, 2),
('world3', 'DIRT', 27, 2),
('world3', 'DIRT', 28, 2),
('world3', 'DIRT', 1, 3),
('world3', 'DIRT', 3, 3),
('world3', 'DIRT', 4, 3),
('world3', 'DIRT', 5, 3),
('world3', 'DIRT', 6, 3),
('world3', 'DIRT', 7, 3),
('world3', 'DIRT', 8, 3),
('world3', 'DIRT', 9, 3),
('world3', 'DIRT', 10, 3),
('world3', 'DIRT', 11, 3),
('world3', 'DIRT', 12, 3),
('world3', 'DIRT', 13, 3),
('world3', 'DIRT', 14, 3),
('world3', 'DIRT', 15, 3),
('world3', 'DIRT', 17, 3),
('world3', 'DIRT', 18, 3),
('world3', 'DIRT', 19, 3),
('world3', 'DIRT', 20, 3),
('world3', 'DIRT', 21, 3),
('world3', 'DIRT', 22, 3),
('world3', 'DIRT', 23, 3),
('world3', 'DIRT', 24, 3),
('world3', 'DIRT', 25, 3),
('world3', 'DIRT', 26, 3),
('world3', 'DIRT', 27, 3),
('world3', 'DIRT', 28, 3),
('world3', 'DIRT', 29, 3),
('world3', 'DIRT', 30, 3),
('world3', 'DIRT', 31, 3),
('world3', 'DIRT', 32, 3),
('world3', 'DIRT', 33, 3),
('world3', 'DIRT', 34, 3),
('world3', 'DIRT', 35, 3),
('world3', 'DIRT', 36, 3),
('world3', 'DIRT', 37, 3),
('world3', 'DIRT', 38, 3),
('world3', 'DIRT', 39, 3),
('world3', 'DIRT', 40, 3),
('world3', 'DIRT', 41, 3),
('world3', 'DIRT', 43, 3),
('world3', 'DIRT', 44, 3),
('world3', 'DIRT', 45, 3),
('world3', 'DIRT', 46, 3),
('world3', 'DIRT', 47, 3),
('world3', 'DIRT', 48, 3),
('world3', 'DIRT', 49, 3),
('world3', 'DIRT', 50, 3),
('world3', 'DIRT', 51, 3),
('world3', 'DIRT', 52, 3),
('world3', 'DIRT', 53, 3),
('world3', 'DIRT', 54, 3),
('world3', 'DIRT', 1, 4),
('world3', 'DIRT', 3, 4),
('world3', 'DIRT', 4, 4),
('world3', 'DIRT', 5, 4),
('world3', 'DIRT', 6, 4),
('world3', 'DIRT', 7, 4),
('world3', 'DIRT', 8, 4),
('world3', 'DIRT', 9, 4),
('world3', 'DIRT', 10, 4),
('world3', 'DIRT', 11, 4),
('world3', 'DIRT', 12, 4),
('world3', 'DIRT', 13, 4),
('world3', 'DIRT', 14, 4),
('world3', 'DIRT', 15, 4),
('world3', 'DIRT', 19, 4),
('world3', 'DIRT', 20, 4),
('world3', 'DIRT', 21, 4),
('world3', 'DIRT', 22, 4),
('world3', 'DIRT', 23, 4),
('world3', 'DIRT', 24, 4),
('world3', 'DIRT', 25, 4),
('world3', 'DIRT', 26, 4),
('world3', 'DIRT', 27, 4),
('world3', 'DIRT', 28, 4),
('world3', 'DIRT', 30, 4),
('world3', 'DIRT', 31, 4),
('world3', 'DIRT', 32, 4),
('world3', 'DIRT', 33, 4),
('world3', 'DIRT', 34, 4),
('world3', 'DIRT', 35, 4),
('world3', 'DIRT', 36, 4),
('world3', 'DIRT', 37, 4),
('world3', 'DIRT', 38, 4),
('world3', 'DIRT', 39, 4),
('world3', 'DIRT', 40, 4),
('world3', 'DIRT', 41, 4),
('world3', 'DIRT', 42, 4),
('world3', 'DIRT', 43, 4),
('world3', 'DIRT', 44, 4),
('world3', 'DIRT', 45, 4),
('world3', 'DIRT', 46, 4),
('world3', 'DIRT', 47, 4),
('world3', 'DIRT', 48, 4),
('world3', 'DIRT', 49, 4),
('world3', 'DIRT', 50, 4),
('world3', 'DIRT', 51, 4),
('world3', 'DIRT', 52, 4),
('world3', 'DIRT', 53, 4),
('world3', 'DIRT', 54, 4),
('world3', 'DIRT', 2, 5),
('world3', 'DIRT', 3, 5),
('world3', 'DIRT', 4, 5),
('world3', 'DIRT', 5, 5),
('world3', 'DIRT', 7, 5),
('world3', 'DIRT', 8, 5),
('world3', 'DIRT', 9, 5),
('world3', 'DIRT', 10, 5),
('world3', 'DIRT', 11, 5),
('world3', 'DIRT', 12, 5),
('world3', 'DIRT', 13, 5),
('world3', 'DIRT', 14, 5),
('world3', 'DIRT', 15, 5),
('world3', 'DIRT', 16, 5),
('world3', 'DIRT', 17, 5),
('world3', 'DIRT', 18, 5),
('world3', 'DIRT', 19, 5),
('world3', 'DIRT', 20, 5),
('world3', 'DIRT', 21, 5),
('world3', 'DIRT', 22, 5),
('world3', 'DIRT', 23, 5),
('world3', 'DIRT', 24, 5),
('world3', 'DIRT', 25, 5),
('world3', 'DIRT', 26, 5),
('world3', 'DIRT', 27, 5),
('world3', 'DIRT', 28, 5),
('world3', 'DIRT', 30, 5),
('world3', 'DIRT', 31, 5),
('world3', 'DIRT', 32, 5),
('world3', 'DIRT', 33, 5),
('world3', 'DIRT', 50, 5),
('world3', 'DIRT', 51, 5),
('world3', 'DIRT', 52, 5),
('world3', 'DIRT', 53, 5),
('world3', 'DIRT', 54, 5),
('world3', 'DIRT', 2, 6),
('world3', 'DIRT', 3, 6),
('world3', 'DIRT', 4, 6),
('world3', 'DIRT', 5, 6),
('world3', 'DIRT', 7, 6),
('world3', 'DIRT', 8, 6),
('world3', 'DIRT', 9, 6),
('world3', 'DIRT', 10, 6),
('world3', 'DIRT', 11, 6),
('world3', 'DIRT', 12, 6),
('world3', 'DIRT', 13, 6),
('world3', 'DIRT', 14, 6),
('world3', 'DIRT', 15, 6),
('world3', 'DIRT', 16, 6),
('world3', 'DIRT', 17, 6),
('world3', 'DIRT', 18, 6),
('world3', 'DIRT', 19, 6),
('world3', 'DIRT', 20, 6),
('world3', 'DIRT', 21, 6),
('world3', 'DIRT', 22, 6),
('world3', 'DIRT', 23, 6),
('world3', 'DIRT', 24, 6),
('world3', 'DIRT', 25, 6),
('world3', 'DIRT', 26, 6),
('world3', 'DIRT', 27, 6),
('world3', 'DIRT', 28, 6),
('world3', 'DIRT', 30, 6),
('world3', 'DIRT', 31, 6),
('world3', 'DIRT', 32, 6),
('world3', 'DIRT', 33, 6),
('world3', 'DIRT', 34, 6),
('world3', 'DIRT', 35, 6),
('world3', 'DIRT', 36, 6),
('world3', 'DIRT', 37, 6),
('world3', 'DIRT', 38, 6),
('world3', 'DIRT', 39, 6),
('world3', 'DIRT', 40, 6),
('world3', 'DIRT', 41, 6),
('world3', 'DIRT', 42, 6),
('world3', 'DIRT', 43, 6),
('world3', 'DIRT', 44, 6),
('world3', 'DIRT', 45, 6),
('world3', 'DIRT', 46, 6),
('world3', 'DIRT', 47, 6),
('world3', 'DIRT', 48, 6),
('world3', 'DIRT', 49, 6),
('world3', 'DIRT', 50, 6),
('world3', 'DIRT', 51, 6),
('world3', 'DIRT', 52, 6),
('world3', 'DIRT', 53, 6),
('world3', 'DIRT', 54, 6),
('world3', 'DIRT', 7, 7),
('world3', 'DIRT', 8, 7),
('world3', 'DIRT', 9, 7),
('world3', 'DIRT', 10, 7),
('world3', 'DIRT', 11, 7),
('world3', 'DIRT', 12, 7),
('world3', 'DIRT', 13, 7),
('world3', 'DIRT', 14, 7),
('world3', 'DIRT', 15, 7),
('world3', 'DIRT', 16, 7),
('world3', 'DIRT', 17, 7),
('world3', 'DIRT', 18, 7),
('world3', 'DIRT', 19, 7),
('world3', 'DIRT', 20, 7),
('world3', 'DIRT', 21, 7),
('world3', 'DIRT', 22, 7),
('world3', 'DIRT', 23, 7),
('world3', 'DIRT', 24, 7),
('world3', 'DIRT', 25, 7),
('world3', 'DIRT', 26, 7),
('world3', 'DIRT', 27, 7),
('world3', 'DIRT', 28, 7),
('world3', 'DIRT', 37, 7),
('world3', 'DIRT', 38, 7),
('world3', 'DIRT', 39, 7),
('world3', 'DIRT', 40, 7),
('world3', 'DIRT', 41, 7),
('world3', 'DIRT', 42, 7),
('world3', 'DIRT', 43, 7),
('world3', 'DIRT', 44, 7),
('world3', 'DIRT', 45, 7),
('world3', 'DIRT', 46, 7),
('world3', 'DIRT', 47, 7),
('world3', 'DIRT', 48, 7),
('world3', 'DIRT', 49, 7),
('world3', 'DIRT', 50, 7),
('world3', 'DIRT', 51, 7),
('world3', 'DIRT', 52, 7),
('world3', 'DIRT', 53, 7),
('world3', 'DIRT', 54, 7),
('world3', 'DIRT', 1, 8),
('world3', 'DIRT', 2, 8),
('world3', 'DIRT', 3, 8),
('world3', 'DIRT', 4, 8),
('world3', 'DIRT', 7, 8),
('world3', 'DIRT', 8, 8),
('world3', 'DIRT', 9, 8),
('world3', 'DIRT', 10, 8),
('world3', 'DIRT', 11, 8),
('world3', 'DIRT', 12, 8),
('world3', 'DIRT', 13, 8),
('world3', 'DIRT', 14, 8),
('world3', 'DIRT', 15, 8),
('world3', 'DIRT', 16, 8),
('world3', 'DIRT', 17, 8),
('world3', 'DIRT', 18, 8),
('world3', 'DIRT', 19, 8),
('world3', 'DIRT', 20, 8),
('world3', 'DIRT', 21, 8),
('world3', 'DIRT', 22, 8),
('world3', 'DIRT', 23, 8),
('world3', 'DIRT', 24, 8),
('world3', 'DIRT', 25, 8),
('world3', 'DIRT', 26, 8),
('world3', 'DIRT', 27, 8),
('world3', 'DIRT', 28, 8),
('world3', 'DIRT', 46, 8),
('world3', 'DIRT', 47, 8),
('world3', 'DIRT', 48, 8),
('world3', 'DIRT', 49, 8),
('world3', 'DIRT', 50, 8),
('world3', 'DIRT', 51, 8),
('world3', 'DIRT', 52, 8),
('world3', 'DIRT', 53, 8),
('world3', 'DIRT', 54, 8),
('world3', 'DIRT', 1, 9),
('world3', 'DIRT', 2, 9),
('world3', 'DIRT', 3, 9),
('world3', 'DIRT', 4, 9),
('world3', 'DIRT', 5, 9),
('world3', 'DIRT', 6, 9),
('world3', 'DIRT', 7, 9),
('world3', 'DIRT', 8, 9),
('world3', 'DIRT', 9, 9),
('world3', 'DIRT', 10, 9),
('world3', 'DIRT', 11, 9),
('world3', 'DIRT', 12, 9),
('world3', 'DIRT', 13, 9),
('world3', 'DIRT', 14, 9),
('world3', 'DIRT', 15, 9),
('world3', 'DIRT', 16, 9),
('world3', 'DIRT', 17, 9),
('world3', 'DIRT', 18, 9),
('world3', 'DIRT', 19, 9),
('world3', 'DIRT', 20, 9),
('world3', 'DIRT', 21, 9),
('world3', 'DIRT', 22, 9),
('world3', 'DIRT', 23, 9),
('world3', 'DIRT', 24, 9),
('world3', 'DIRT', 25, 9),
('world3', 'DIRT', 26, 9),
('world3', 'DIRT', 27, 9),
('world3', 'DIRT', 28, 9),
('world3', 'DIRT', 30, 9),
('world3', 'DIRT', 31, 9),
('world3', 'DIRT', 32, 9),
('world3', 'DIRT', 33, 9),
('world3', 'DIRT', 34, 9),
('world3', 'DIRT', 35, 9),
('world3', 'DIRT', 36, 9),
('world3', 'DIRT', 37, 9),
('world3', 'DIRT', 38, 9),
('world3', 'DIRT', 39, 9),
('world3', 'DIRT', 40, 9),
('world3', 'DIRT', 41, 9),
('world3', 'DIRT', 42, 9),
('world3', 'DIRT', 43, 9),
('world3', 'DIRT', 44, 9),
('world3', 'DIRT', 45, 9),
('world3', 'DIRT', 46, 9),
('world3', 'DIRT', 47, 9),
('world3', 'DIRT', 48, 9),
('world3', 'DIRT', 49, 9),
('world3', 'DIRT', 50, 9),
('world3', 'DIRT', 51, 9),
('world3', 'DIRT', 52, 9),
('world3', 'DIRT', 53, 9),
('world3', 'DIRT', 54, 9),
('world3', 'DIRT', 1, 10),
('world3', 'DIRT', 2, 10),
('world3', 'DIRT', 3, 10),
('world3', 'DIRT', 4, 10),
('world3', 'DIRT', 5, 10),
('world3', 'DIRT', 6, 10),
('world3', 'DIRT', 7, 10),
('world3', 'DIRT', 8, 10),
('world3', 'DIRT', 9, 10),
('world3', 'DIRT', 10, 10),
('world3', 'DIRT', 11, 10),
('world3', 'DIRT', 12, 10),
('world3', 'DIRT', 13, 10),
('world3', 'DIRT', 14, 10),
('world3', 'DIRT', 15, 10),
('world3', 'DIRT', 16, 10),
('world3', 'DIRT', 17, 10),
('world3', 'DIRT', 18, 10),
('world3', 'DIRT', 19, 10),
('world3', 'DIRT', 20, 10),
('world3', 'DIRT', 21, 10),
('world3', 'DIRT', 22, 10),
('world3', 'DIRT', 23, 10),
('world3', 'DIRT', 24, 10),
('world3', 'DIRT', 25, 10),
('world3', 'DIRT', 26, 10),
('world3', 'DIRT', 27, 10),
('world3', 'DIRT', 28, 10),
('world3', 'DIRT', 29, 10),
('world3', 'DIRT', 30, 10),
('world3', 'DIRT', 31, 10),
('world3', 'DIRT', 32, 10),
('world3', 'DIRT', 33, 10),
('world3', 'DIRT', 34, 10),
('world3', 'DIRT', 35, 10),
('world3', 'DIRT', 36, 10),
('world3', 'DIRT', 37, 10),
('world3', 'DIRT', 38, 10),
('world3', 'DIRT', 39, 10),
('world3', 'DIRT', 40, 10),
('world3', 'DIRT', 41, 10),
('world3', 'DIRT', 42, 10),
('world3', 'DIRT', 43, 10),
('world3', 'DIRT', 44, 10),
('world3', 'DIRT', 45, 10),
('world3', 'DIRT', 46, 10),
('world3', 'DIRT', 47, 10),
('world3', 'DIRT', 48, 10),
('world3', 'DIRT', 49, 10),
('world3', 'DIRT', 50, 10),
('world3', 'DIRT', 51, 10),
('world3', 'DIRT', 52, 10),
('world3', 'DIRT', 53, 10),
('world3', 'DIRT', 54, 10),
('world3', 'DIRT', 1, 11),
('world3', 'DIRT', 2, 11),
('world3', 'DIRT', 3, 11),
('world3', 'DIRT', 4, 11),
('world3', 'DIRT', 5, 11),
('world3', 'DIRT', 6, 11),
('world3', 'DIRT', 7, 11),
('world3', 'DIRT', 8, 11),
('world3', 'DIRT', 9, 11),
('world3', 'DIRT', 10, 11),
('world3', 'DIRT', 11, 11),
('world3', 'DIRT', 12, 11),
('world3', 'DIRT', 13, 11),
('world3', 'DIRT', 14, 11),
('world3', 'DIRT', 15, 11),
('world3', 'DIRT', 16, 11),
('world3', 'DIRT', 17, 11),
('world3', 'DIRT', 18, 11),
('world3', 'DIRT', 19, 11),
('world3', 'DIRT', 20, 11),
('world3', 'DIRT', 21, 11),
('world3', 'DIRT', 22, 11),
('world3', 'DIRT', 23, 11),
('world3', 'DIRT', 24, 11),
('world3', 'DIRT', 25, 11),
('world3', 'DIRT', 26, 11),
('world3', 'DIRT', 27, 11),
('world3', 'DIRT', 28, 11),
('world3', 'DIRT', 1, 12),
('world3', 'DIRT', 2, 12),
('world3', 'DIRT', 3, 12),
('world3', 'DIRT', 4, 12),
('world3', 'DIRT', 5, 12),
('world3', 'DIRT', 6, 12),
('world3', 'DIRT', 7, 12),
('world3', 'DIRT', 8, 12),
('world3', 'DIRT', 9, 12),
('world3', 'DIRT', 10, 12),
('world3', 'DIRT', 11, 12),
('world3', 'DIRT', 12, 12),
('world3', 'DIRT', 13, 12),
('world3', 'DIRT', 14, 12),
('world3', 'DIRT', 15, 12),
('world3', 'DIRT', 16, 12),
('world3', 'DIRT', 17, 12),
('world3', 'DIRT', 18, 12),
('world3', 'DIRT', 19, 12),
('world3', 'DIRT', 20, 12),
('world3', 'DIRT', 21, 12),
('world3', 'DIRT', 22, 12),
('world3', 'DIRT', 23, 12),
('world3', 'DIRT', 24, 12),
('world3', 'DIRT', 25, 12),
('world3', 'DIRT', 26, 12),
('world3', 'DIRT', 27, 12),
('world3', 'DIRT', 28, 12),
('world3', 'DIRT', 29, 12),
('world3', 'DIRT', 30, 12),
('world3', 'DIRT', 31, 12),
('world3', 'DIRT', 32, 12),
('world3', 'DIRT', 33, 12),
('world3', 'DIRT', 34, 12),
('world3', 'DIRT', 35, 12),
('world3', 'DIRT', 36, 12),
('world3', 'DIRT', 37, 12),
('world3', 'DIRT', 38, 12),
('world3', 'DIRT', 39, 12),
('world3', 'DIRT', 40, 12),
('world3', 'DIRT', 41, 12),
('world3', 'DIRT', 42, 12),
('world3', 'DIRT', 43, 12),
('world3', 'DIRT', 44, 12),
('world3', 'DIRT', 45, 12),
('world3', 'DIRT', 46, 12),
('world3', 'DIRT', 47, 12),
('world3', 'DIRT', 48, 12),
('world3', 'DIRT', 49, 12),
('world3', 'DIRT', 50, 12),
('world3', 'DIRT', 51, 12),
('world3', 'DIRT', 52, 12),
('world3', 'DIRT', 53, 12),
('world3', 'DIRT', 54, 12),
('world3', 'DIRT', 1, 13),
('world3', 'DIRT', 2, 13),
('world3', 'DIRT', 3, 13),
('world3', 'DIRT', 4, 13),
('world3', 'DIRT', 5, 13),
('world3', 'DIRT', 6, 13),
('world3', 'DIRT', 7, 13),
('world3', 'DIRT', 8, 13),
('world3', 'DIRT', 9, 13),
('world3', 'DIRT', 10, 13),
('world3', 'DIRT', 11, 13),
('world3', 'DIRT', 12, 13),
('world3', 'DIRT', 13, 13),
('world3', 'DIRT', 14, 13),
('world3', 'DIRT', 15, 13),
('world3', 'DIRT', 16, 13),
('world3', 'DIRT', 17, 13),
('world3', 'DIRT', 18, 13),
('world3', 'DIRT', 19, 13),
('world3', 'DIRT', 20, 13),
('world3', 'DIRT', 21, 13),
('world3', 'DIRT', 22, 13),
('world3', 'DIRT', 23, 13),
('world3', 'DIRT', 24, 13),
('world3', 'DIRT', 25, 13),
('world3', 'DIRT', 26, 13),
('world3', 'DIRT', 27, 13),
('world3', 'DIRT', 28, 13),
('world3', 'DIRT', 29, 13),
('world3', 'DIRT', 31, 13),
('world3', 'DIRT', 32, 13),
('world3', 'DIRT', 33, 13),
('world3', 'DIRT', 34, 13),
('world3', 'DIRT', 35, 13),
('world3', 'DIRT', 36, 13),
('world3', 'DIRT', 37, 13),
('world3', 'DIRT', 38, 13),
('world3', 'DIRT', 39, 13),
('world3', 'DIRT', 40, 13),
('world3', 'DIRT', 41, 13),
('world3', 'DIRT', 42, 13),
('world3', 'DIRT', 43, 13),
('world3', 'DIRT', 44, 13),
('world3', 'DIRT', 45, 13),
('world3', 'DIRT', 46, 13),
('world3', 'DIRT', 47, 13),
('world3', 'DIRT', 48, 13),
('world3', 'DIRT', 49, 13),
('world3', 'DIRT', 50, 13),
('world3', 'DIRT', 51, 13),
('world3', 'DIRT', 52, 13),
('world3', 'DIRT', 53, 13),
('world3', 'DIRT', 54, 13),
('world3', 'DIRT', 1, 14),
('world3', 'DIRT', 2, 14),
('world3', 'DIRT', 3, 14),
('world3', 'DIRT', 4, 14),
('world3', 'DIRT', 5, 14),
('world3', 'DIRT', 6, 14),
('world3', 'DIRT', 7, 14),
('world3', 'DIRT', 8, 14),
('world3', 'DIRT', 16, 14),
('world3', 'DIRT', 17, 14),
('world3', 'DIRT', 18, 14),
('world3', 'DIRT', 19, 14),
('world3', 'DIRT', 20, 14),
('world3', 'DIRT', 21, 14),
('world3', 'DIRT', 22, 14),
('world3', 'DIRT', 23, 14),
('world3', 'DIRT', 30, 14),
('world3', 'DIRT', 9, 15),
('world3', 'DIRT', 10, 15),
('world3', 'DIRT', 11, 15),
('world3', 'DIRT', 12, 15),
('world3', 'DIRT', 13, 15),
('world3', 'DIRT', 14, 15),
('world3', 'DIRT', 24, 15),
('world3', 'DIRT', 25, 15),
('world3', 'DIRT', 26, 15),
('world3', 'DIRT', 27, 15),
('world3', 'DIRT', 28, 15),
('world3', 'DIRT', 1, 16),
('world3', 'DIRT', 2, 16),
('world3', 'DIRT', 3, 16),
('world3', 'DIRT', 4, 16),
('world3', 'DIRT', 5, 16),
('world3', 'DIRT', 6, 16),
('world3', 'DIRT', 7, 16),
('world3', 'DIRT', 8, 16),
('world3', 'DIRT', 9, 16),
('world3', 'DIRT', 10, 16),
('world3', 'DIRT', 11, 16),
('world3', 'DIRT', 12, 16),
('world3', 'DIRT', 13, 16),
('world3', 'DIRT', 14, 16),
('world3', 'DIRT', 15, 16),
('world3', 'DIRT', 16, 16),
('world3', 'DIRT', 17, 16),
('world3', 'DIRT', 18, 16),
('world3', 'DIRT', 19, 16),
('world3', 'DIRT', 20, 16),
('world3', 'DIRT', 21, 16),
('world3', 'DIRT', 22, 16),
('world3', 'DIRT', 23, 16),
('world3', 'DIRT', 24, 16),
('world3', 'DIRT', 25, 16),
('world3', 'DIRT', 26, 16),
('world3', 'DIRT', 27, 16),
('world3', 'DIRT', 28, 16),
('world3', 'DIRT', 32, 16),
('world3', 'DIRT', 33, 16),
('world3', 'DIRT', 34, 16),
('world3', 'DIRT', 35, 16),
('world3', 'DIRT', 36, 16),
('world3', 'DIRT', 37, 16),
('world3', 'DIRT', 38, 16),
('world3', 'DIRT', 39, 16),
('world3', 'DIRT', 40, 16),
('world3', 'DIRT', 41, 16),
('world3', 'DIRT', 42, 16),
('world3', 'DIRT', 43, 16),
('world3', 'DIRT', 44, 16),
('world3', 'DIRT', 45, 16),
('world3', 'DIRT', 46, 16),
('world3', 'DIRT', 47, 16),
('world3', 'DIRT', 48, 16),
('world3', 'DIRT', 49, 16),
('world3', 'DIRT', 50, 16),
('world3', 'DIRT', 51, 16),
('world3', 'DIRT', 52, 16),
('world3', 'DIRT', 53, 16),
('world3', 'DIRT', 6, 17),
('world3', 'DIRT', 7, 17),
('world3', 'DIRT', 8, 17),
('world3', 'DIRT', 9, 17),
('world3', 'DIRT', 10, 17),
('world3', 'DIRT', 11, 17),
('world3', 'DIRT', 12, 17),
('world3', 'DIRT', 13, 17),
('world3', 'DIRT', 14, 17),
('world3', 'DIRT', 15, 17),
('world3', 'DIRT', 16, 17),
('world3', 'DIRT', 17, 17),
('world3', 'DIRT', 18, 17),
('world3', 'DIRT', 19, 17),
('world3', 'DIRT', 20, 17),
('world3', 'DIRT', 21, 17),
('world3', 'DIRT', 22, 17),
('world3', 'DIRT', 23, 17),
('world3', 'DIRT', 24, 17),
('world3', 'DIRT', 25, 17),
('world3', 'DIRT', 26, 17),
('world3', 'DIRT', 27, 17),
('world3', 'DIRT', 28, 17),
('world3', 'DIRT', 30, 17),
('world3', 'DIRT', 31, 17),
('world3', 'DIRT', 32, 17),
('world3', 'DIRT', 33, 17),
('world3', 'DIRT', 34, 17),
('world3', 'DIRT', 35, 17),
('world3', 'DIRT', 36, 17),
('world3', 'DIRT', 37, 17),
('world3', 'DIRT', 38, 17),
('world3', 'DIRT', 39, 17),
('world3', 'DIRT', 40, 17),
('world3', 'DIRT', 41, 17),
('world3', 'DIRT', 42, 17),
('world3', 'DIRT', 43, 17),
('world3', 'DIRT', 44, 17),
('world3', 'DIRT', 45, 17),
('world3', 'DIRT', 46, 17),
('world3', 'DIRT', 47, 17),
('world3', 'DIRT', 48, 17),
('world3', 'DIRT', 49, 17),
('world3', 'DIRT', 50, 17),
('world3', 'DIRT', 51, 17),
('world3', 'DIRT', 52, 17),
('world3', 'DIRT', 53, 17),
('world3', 'DIRT', 30, 18),
('world3', 'DIRT', 31, 18),
('world3', 'DIRT', 32, 18),
('world3', 'DIRT', 33, 18),
('world3', 'DIRT', 34, 18),
('world3', 'DIRT', 35, 18),
('world3', 'DIRT', 36, 18),
('world3', 'DIRT', 37, 18),
('world3', 'DIRT', 38, 18),
('world3', 'DIRT', 39, 18),
('world3', 'DIRT', 40, 18),
('world3', 'DIRT', 41, 18),
('world3', 'DIRT', 42, 18),
('world3', 'DIRT', 43, 18),
('world3', 'DIRT', 44, 18),
('world3', 'DIRT', 45, 18),
('world3', 'DIRT', 46, 18),
('world3', 'DIRT', 47, 18),
('world3', 'DIRT', 48, 18),
('world3', 'DIRT', 49, 18),
('world3', 'DIRT', 50, 18),
('world3', 'DIRT', 51, 18),
('world3', 'DIRT', 52, 18),
('world3', 'DIRT', 53, 18),
('world3', 'DIRT', 24, 19),
('world3', 'DIRT', 25, 19),
('world3', 'DIRT', 26, 19),
('world3', 'DIRT', 27, 19),
('world3', 'DIRT', 28, 19),
('world3', 'DIRT', 30, 19),
('world3', 'DIRT', 31, 19),
('world3', 'DIRT', 32, 19),
('world3', 'DIRT', 33, 19),
('world3', 'DIRT', 34, 19),
('world3', 'DIRT', 35, 19),
('world3', 'DIRT', 36, 19),
('world3', 'DIRT', 37, 19),
('world3', 'DIRT', 38, 19),
('world3', 'DIRT', 39, 19),
('world3', 'DIRT', 40, 19),
('world3', 'DIRT', 41, 19),
('world3', 'DIRT', 42, 19),
('world3', 'DIRT', 43, 19),
('world3', 'DIRT', 44, 19),
('world3', 'DIRT', 45, 19),
('world3', 'DIRT', 46, 19),
('world3', 'DIRT', 47, 19),
('world3', 'DIRT', 48, 19),
('world3', 'DIRT', 49, 19),
('world3', 'DIRT', 50, 19),
('world3', 'DIRT', 51, 19),
('world3', 'DIRT', 52, 19),
('world3', 'DIRT', 53, 19),
('world3', 'DIRT', 2, 20),
('world3', 'DIRT', 3, 20),
('world3', 'DIRT', 4, 20),
('world3', 'DIRT', 5, 20),
('world3', 'DIRT', 6, 20),
('world3', 'DIRT', 7, 20),
('world3', 'DIRT', 8, 20),
('world3', 'DIRT', 9, 20),
('world3', 'DIRT', 10, 20),
('world3', 'DIRT', 11, 20),
('world3', 'DIRT', 12, 20),
('world3', 'DIRT', 13, 20),
('world3', 'DIRT', 14, 20),
('world3', 'DIRT', 15, 20),
('world3', 'DIRT', 16, 20),
('world3', 'DIRT', 17, 20),
('world3', 'DIRT', 18, 20),
('world3', 'DIRT', 19, 20),
('world3', 'DIRT', 20, 20),
('world3', 'DIRT', 21, 20),
('world3', 'DIRT', 22, 20),
('world3', 'DIRT', 30, 20),
('world3', 'DIRT', 31, 20),
('world3', 'DIRT', 32, 20),
('world3', 'DIRT', 33, 20),
('world3', 'DIRT', 34, 20),
('world3', 'DIRT', 35, 20),
('world3', 'DIRT', 36, 20),
('world3', 'DIRT', 37, 20),
('world3', 'DIRT', 38, 20),
('world3', 'DIRT', 39, 20),
('world3', 'DIRT', 40, 20),
('world3', 'DIRT', 41, 20),
('world3', 'DIRT', 42, 20),
('world3', 'DIRT', 43, 20),
('world3', 'DIRT', 44, 20),
('world3', 'DIRT', 45, 20),
('world3', 'DIRT', 46, 20),
('world3', 'DIRT', 47, 20),
('world3', 'DIRT', 48, 20),
('world3', 'DIRT', 49, 20),
('world3', 'DIRT', 50, 20),
('world3', 'DIRT', 51, 20),
('world3', 'DIRT', 52, 20),
('world3', 'DIRT', 53, 20),
('world3', 'DIRT', 30, 21),
('world3', 'DIRT', 31, 21),
('world3', 'DIRT', 32, 21),
('world3', 'DIRT', 33, 21),
('world3', 'DIRT', 34, 21),
('world3', 'DIRT', 35, 21),
('world3', 'DIRT', 36, 21),
('world3', 'DIRT', 37, 21),
('world3', 'DIRT', 38, 21),
('world3', 'DIRT', 39, 21),
('world3', 'DIRT', 40, 21),
('world3', 'DIRT', 41, 21),
('world3', 'DIRT', 42, 21),
('world3', 'DIRT', 43, 21),
('world3', 'DIRT', 44, 21),
('world3', 'DIRT', 45, 21),
('world3', 'DIRT', 46, 21),
('world3', 'DIRT', 47, 21),
('world3', 'DIRT', 48, 21),
('world3', 'DIRT', 49, 21),
('world3', 'DIRT', 50, 21),
('world3', 'DIRT', 51, 21),
('world3', 'DIRT', 52, 21),
('world3', 'DIRT', 53, 21),
('world3', 'DIRT', 24, 22),
('world3', 'DIRT', 25, 22),
('world3', 'DIRT', 30, 22),
('world3', 'DIRT', 31, 22),
('world3', 'DIRT', 32, 22),
('world3', 'DIRT', 33, 22),
('world3', 'DIRT', 34, 22),
('world3', 'DIRT', 35, 22),
('world3', 'DIRT', 36, 22),
('world3', 'DIRT', 37, 22),
('world3', 'DIRT', 38, 22),
('world3', 'DIRT', 39, 22),
('world3', 'DIRT', 40, 22),
('world3', 'DIRT', 41, 22),
('world3', 'DIRT', 42, 22),
('world3', 'DIRT', 43, 22),
('world3', 'DIRT', 44, 22),
('world3', 'DIRT', 45, 22),
('world3', 'DIRT', 46, 22),
('world3', 'DIRT', 47, 22),
('world3', 'DIRT', 48, 22),
('world3', 'DIRT', 49, 22),
('world3', 'DIRT', 50, 22),
('world3', 'DIRT', 51, 22),
('world3', 'DIRT', 52, 22),
('world3', 'DIRT', 53, 22),
('world3', 'DIRT', 24, 23),
('world3', 'DIRT', 25, 23),
('world3', 'DIRT', 26, 23),
('world3', 'DIRT', 27, 23),
('world3', 'DIRT', 28, 23),
('world3', 'DIRT', 30, 23),
('world3', 'DIRT', 31, 23),
('world3', 'DIRT', 32, 23),
('world3', 'DIRT', 33, 23),
('world3', 'DIRT', 34, 23),
('world3', 'DIRT', 35, 23),
('world3', 'DIRT', 36, 23),
('world3', 'DIRT', 37, 23),
('world3', 'DIRT', 38, 23),
('world3', 'DIRT', 39, 23),
('world3', 'DIRT', 40, 23),
('world3', 'DIRT', 41, 23),
('world3', 'DIRT', 42, 23),
('world3', 'DIRT', 43, 23),
('world3', 'DIRT', 44, 23),
('world3', 'DIRT', 45, 23),
('world3', 'DIRT', 46, 23),
('world3', 'DIRT', 47, 23),
('world3', 'DIRT', 48, 23),
('world3', 'DIRT', 49, 23),
('world3', 'DIRT', 50, 23),
('world3', 'DIRT', 51, 23),
('world3', 'DIRT', 52, 23),
('world3', 'DIRT', 53, 23),
('world3', 'DIRT', 24, 24),
('world3', 'DIRT', 25, 24),
('world3', 'DIRT', 26, 24),
('world3', 'DIRT', 27, 24),
('world3', 'DIRT', 28, 24),
('world3', 'DIRT', 30, 24),
('world3', 'DIRT', 31, 24),
('world3', 'DIRT', 32, 24),
('world3', 'DIRT', 33, 24),
('world3', 'DIRT', 34, 24),
('world3', 'DIRT', 35, 24),
('world3', 'DIRT', 36, 24),
('world3', 'DIRT', 37, 24),
('world3', 'DIRT', 38, 24),
('world3', 'DIRT', 39, 24),
('world3', 'DIRT', 40, 24),
('world3', 'DIRT', 41, 24),
('world3', 'DIRT', 42, 24),
('world3', 'DIRT', 43, 24),
('world3', 'DIRT', 44, 24),
('world3', 'DIRT', 45, 24),
('world3', 'DIRT', 46, 24),
('world3', 'DIRT', 47, 24),
('world3', 'DIRT', 48, 24),
('world3', 'DIRT', 49, 24),
('world3', 'DIRT', 50, 24),
('world3', 'DIRT', 51, 24),
('world3', 'DIRT', 52, 24),
('world3', 'DIRT', 53, 24),
('world3', 'DIRT', 24, 25),
('world3', 'DIRT', 25, 25),
('world3', 'DIRT', 26, 25),
('world3', 'DIRT', 27, 25),
('world3', 'DIRT', 28, 25),
('world3', 'DIRT', 30, 25),
('world3', 'DIRT', 31, 25),
('world3', 'DIRT', 32, 25),
('world3', 'DIRT', 33, 25),
('world3', 'DIRT', 34, 25),
('world3', 'DIRT', 35, 25),
('world3', 'DIRT', 36, 25),
('world3', 'DIRT', 37, 25),
('world3', 'DIRT', 38, 25),
('world3', 'DIRT', 39, 25),
('world3', 'DIRT', 40, 25),
('world3', 'DIRT', 41, 25),
('world3', 'DIRT', 42, 25),
('world3', 'DIRT', 43, 25),
('world3', 'DIRT', 44, 25),
('world3', 'DIRT', 45, 25),
('world3', 'DIRT', 46, 25),
('world3', 'DIRT', 47, 25),
('world3', 'DIRT', 48, 25),
('world3', 'DIRT', 49, 25),
('world3', 'DIRT', 50, 25),
('world3', 'DIRT', 51, 25),
('world3', 'DIRT', 52, 25),
('world3', 'DIRT', 53, 25),
('world3', 'DIRT', 30, 26),
('world3', 'DIRT', 31, 26),
('world3', 'DIRT', 32, 26),
('world3', 'DIRT', 33, 26),
('world3', 'DIRT', 34, 26),
('world3', 'DIRT', 35, 26),
('world3', 'DIRT', 36, 26),
('world3', 'DIRT', 37, 26),
('world3', 'DIRT', 38, 26),
('world3', 'DIRT', 39, 26),
('world3', 'DIRT', 40, 26),
('world3', 'DIRT', 41, 26),
('world3', 'DIRT', 42, 26),
('world3', 'DIRT', 43, 26),
('world3', 'DIRT', 44, 26),
('world3', 'DIRT', 45, 26),
('world3', 'DIRT', 46, 26),
('world3', 'DIRT', 47, 26),
('world3', 'DIRT', 48, 26),
('world3', 'DIRT', 49, 26),
('world3', 'DIRT', 50, 26),
('world3', 'DIRT', 51, 26),
('world3', 'DIRT', 52, 26),
('world3', 'DIRT', 53, 26),
('world3', 'DIRT', 7, 27),
('world3', 'DIRT', 8, 27),
('world3', 'DIRT', 9, 27),
('world3', 'DIRT', 10, 27),
('world3', 'DIRT', 11, 27),
('world3', 'DIRT', 12, 27),
('world3', 'DIRT', 13, 27),
('world3', 'DIRT', 14, 27),
('world3', 'DIRT', 15, 27),
('world3', 'DIRT', 16, 27),
('world3', 'DIRT', 17, 27),
('world3', 'DIRT', 18, 27),
('world3', 'DIRT', 19, 27),
('world3', 'DIRT', 20, 27),
('world3', 'DIRT', 21, 27),
('world3', 'DIRT', 30, 27),
('world3', 'DIRT', 31, 27),
('world3', 'DIRT', 32, 27),
('world3', 'DIRT', 33, 27),
('world3', 'DIRT', 34, 27),
('world3', 'DIRT', 35, 27),
('world3', 'DIRT', 36, 27),
('world3', 'DIRT', 37, 27),
('world3', 'DIRT', 38, 27),
('world3', 'DIRT', 39, 27),
('world3', 'DIRT', 40, 27),
('world3', 'DIRT', 41, 27),
('world3', 'DIRT', 42, 27),
('world3', 'DIRT', 43, 27),
('world3', 'DIRT', 44, 27),
('world3', 'DIRT', 45, 27),
('world3', 'DIRT', 46, 27),
('world3', 'DIRT', 47, 27),
('world3', 'DIRT', 48, 27),
('world3', 'DIRT', 49, 27),
('world3', 'DIRT', 50, 27),
('world3', 'DIRT', 51, 27),
('world3', 'DIRT', 52, 27),
('world3', 'DIRT', 53, 27),
('world3', 'DIRT', 7, 28),
('world3', 'DIRT', 15, 28),
('world3', 'DIRT', 16, 28),
('world3', 'DIRT', 17, 28),
('world3', 'DIRT', 18, 28),
('world3', 'DIRT', 19, 28),
('world3', 'DIRT', 20, 28),
('world3', 'DIRT', 21, 28),
('world3', 'DIRT', 22, 28),
('world3', 'DIRT', 23, 28),
('world3', 'DIRT', 24, 28),
('world3', 'DIRT', 25, 28),
('world3', 'DIRT', 26, 28),
('world3', 'DIRT', 27, 28),
('world3', 'DIRT', 30, 28),
('world3', 'DIRT', 31, 28),
('world3', 'DIRT', 32, 28),
('world3', 'DIRT', 33, 28),
('world3', 'DIRT', 34, 28),
('world3', 'DIRT', 35, 28),
('world3', 'DIRT', 36, 28),
('world3', 'DIRT', 37, 28),
('world3', 'DIRT', 38, 28),
('world3', 'DIRT', 39, 28),
('world3', 'DIRT', 40, 28),
('world3', 'DIRT', 41, 28),
('world3', 'DIRT', 42, 28),
('world3', 'DIRT', 43, 28),
('world3', 'DIRT', 44, 28),
('world3', 'DIRT', 45, 28),
('world3', 'DIRT', 46, 28),
('world3', 'DIRT', 47, 28),
('world3', 'DIRT', 48, 28),
('world3', 'DIRT', 49, 28),
('world3', 'DIRT', 50, 28),
('world3', 'DIRT', 51, 28),
('world3', 'DIRT', 52, 28),
('world3', 'DIRT', 53, 28),
('world3', 'DIRT', 30, 29),
('world3', 'DIRT', 31, 29),
('world3', 'DIRT', 32, 29),
('world3', 'DIRT', 33, 29),
('world3', 'DIRT', 34, 29),
('world3', 'DIRT', 35, 29),
('world3', 'DIRT', 36, 29),
('world3', 'DIRT', 37, 29),
('world3', 'DIRT', 38, 29),
('world3', 'DIRT', 39, 29),
('world3', 'DIRT', 40, 29),
('world3', 'DIRT', 41, 29),
('world3', 'DIRT', 42, 29),
('world3', 'DIRT', 43, 29),
('world3', 'DIRT', 44, 29),
('world3', 'DIRT', 45, 29),
('world3', 'DIRT', 46, 29),
('world3', 'DIRT', 47, 29),
('world3', 'DIRT', 48, 29),
('world3', 'DIRT', 49, 29),
('world3', 'DIRT', 50, 29),
('world3', 'DIRT', 51, 29),
('world3', 'DIRT', 52, 29),
('world3', 'DIRT', 53, 29),
('world3', 'DIRT', 30, 30),
('world3', 'DIRT', 31, 30),
('world3', 'DIRT', 32, 30),
('world3', 'DIRT', 33, 30),
('world3', 'DIRT', 34, 30),
('world3', 'DIRT', 35, 30),
('world3', 'DIRT', 36, 30),
('world3', 'DIRT', 37, 30),
('world3', 'DIRT', 38, 30),
('world3', 'DIRT', 39, 30),
('world3', 'DIRT', 40, 30),
('world3', 'DIRT', 41, 30),
('world3', 'DIRT', 42, 30),
('world3', 'DIRT', 43, 30),
('world3', 'DIRT', 44, 30),
('world3', 'DIRT', 45, 30),
('world3', 'DIRT', 46, 30),
('world3', 'DIRT', 47, 30),
('world3', 'DIRT', 48, 30),
('world3', 'DIRT', 49, 30),
('world3', 'DIRT', 50, 30),
('world3', 'DIRT', 51, 30),
('world3', 'DIRT', 52, 30),
('world3', 'DIRT', 53, 30),
('worldTest', 'DIRT', 1, 5),
('worldTest', 'DIRT', 2, 6),
('worldTest', 'DIRT', 10, 6),
('worldTest', 'DIRT', 11, 6),
('worldTest', 'DIRT', 12, 6),
('worldTest', 'DIRT', 19, 6),
('worldTest', 'DIRT', 20, 6),
('worldTest', 'DIRT', 21, 6),
('worldTest', 'DIRT', 22, 6),
('worldTest', 'DIRT', 23, 6),
('worldTest', 'DIRT', 24, 6),
('worldTest', 'DIRT', 25, 6),
('worldTest', 'DIRT', 10, 7),
('worldTest', 'DIRT', 11, 7),
('worldTest', 'DIRT', 12, 7),
('world1', 'EXIT', 8, 8),
('world2', 'EXIT', 1, 28),
('world3', 'EXIT', 1, 28),
('world1', 'MONSTER', 5, 5),
('world1', 'MONSTER', 6, 6),
('world2', 'MONSTER', 16, 3),
('world2', 'MONSTER', 1, 6),
('world2', 'MONSTER', 5, 7),
('world2', 'MONSTER', 11, 13),
('world2', 'MONSTER', 27, 13),
('world2', 'MONSTER', 3, 14),
('world2', 'MONSTER', 27, 18),
('world2', 'MONSTER', 9, 22),
('world2', 'MONSTER', 27, 22),
('world2', 'MONSTER', 6, 23),
('world2', 'MONSTER', 15, 24),
('world2', 'MONSTER', 1, 26),
('world2', 'MONSTER', 13, 26),
('world2', 'MONSTER', 24, 26),
('world2', 'MONSTER', 6, 28),
('world3', 'MONSTER', 16, 3),
('world3', 'MONSTER', 16, 4),
('world3', 'MONSTER', 1, 6),
('world3', 'MONSTER', 1, 7),
('world3', 'MONSTER', 5, 7),
('world3', 'MONSTER', 30, 7),
('world3', 'MONSTER', 5, 8),
('world3', 'MONSTER', 37, 8),
('world3', 'MONSTER', 40, 8),
('world3', 'MONSTER', 44, 8),
('world3', 'MONSTER', 30, 11),
('world3', 'MONSTER', 32, 11),
('world3', 'MONSTER', 34, 11),
('world3', 'MONSTER', 36, 11),
('world3', 'MONSTER', 11, 13),
('world3', 'MONSTER', 27, 13),
('world3', 'MONSTER', 3, 14),
('world3', 'MONSTER', 11, 14),
('world3', 'MONSTER', 27, 14),
('world3', 'MONSTER', 3, 15),
('world3', 'MONSTER', 27, 18),
('world3', 'MONSTER', 9, 22),
('world3', 'MONSTER', 27, 22),
('world3', 'MONSTER', 6, 23),
('world3', 'MONSTER', 15, 24),
('world3', 'MONSTER', 1, 26),
('world3', 'MONSTER', 13, 26),
('world3', 'MONSTER', 24, 26),
('world3', 'MONSTER', 6, 28),
('worldTest', 'MONSTER', 1, 6),
('world1', 'ROCK', 2, 7),
('world2', 'ROCK', 15, 2),
('world2', 'ROCK', 2, 3),
('world2', 'ROCK', 15, 9),
('world2', 'ROCK', 16, 9),
('world2', 'ROCK', 17, 9),
('world2', 'ROCK', 5, 10),
('world2', 'ROCK', 6, 10),
('world2', 'ROCK', 11, 11),
('world2', 'ROCK', 27, 11),
('world2', 'ROCK', 27, 16),
('world2', 'ROCK', 2, 19),
('world2', 'ROCK', 3, 19),
('world2', 'ROCK', 4, 19),
('world2', 'ROCK', 5, 19),
('world2', 'ROCK', 6, 19),
('world2', 'ROCK', 7, 19),
('world2', 'ROCK', 8, 19),
('world2', 'ROCK', 9, 19),
('world2', 'ROCK', 10, 19),
('world2', 'ROCK', 11, 19),
('world2', 'ROCK', 12, 19),
('world2', 'ROCK', 13, 19),
('world2', 'ROCK', 14, 19),
('world2', 'ROCK', 15, 19),
('world2', 'ROCK', 16, 19),
('world2', 'ROCK', 17, 19),
('world2', 'ROCK', 18, 19),
('world2', 'ROCK', 19, 19),
('world2', 'ROCK', 20, 19),
('world2', 'ROCK', 21, 19),
('world2', 'ROCK', 22, 19),
('world2', 'ROCK', 26, 20),
('world3', 'ROCK', 15, 2),
('world3', 'ROCK', 2, 3),
('world3', 'ROCK', 15, 3),
('world3', 'ROCK', 42, 3),
('world3', 'ROCK', 2, 4),
('world3', 'ROCK', 12, 9),
('world3', 'ROCK', 13, 9),
('world3', 'ROCK', 14, 9),
('world3', 'ROCK', 5, 10),
('world3', 'ROCK', 6, 10),
('world3', 'ROCK', 12, 10),
('world3', 'ROCK', 13, 10),
('world3', 'ROCK', 14, 10),
('world3', 'ROCK', 5, 11),
('world3', 'ROCK', 6, 11),
('world3', 'ROCK', 11, 11),
('world3', 'ROCK', 27, 11),
('world3', 'ROCK', 11, 12),
('world3', 'ROCK', 27, 12),
('world3', 'ROCK', 27, 16),
('world3', 'ROCK', 2, 19),
('world3', 'ROCK', 3, 19),
('world3', 'ROCK', 4, 19),
('world3', 'ROCK', 5, 19),
('world3', 'ROCK', 6, 19),
('world3', 'ROCK', 7, 19),
('world3', 'ROCK', 8, 19),
('world3', 'ROCK', 9, 19),
('world3', 'ROCK', 10, 19),
('world3', 'ROCK', 11, 19),
('world3', 'ROCK', 12, 19),
('world3', 'ROCK', 13, 19),
('world3', 'ROCK', 14, 19),
('world3', 'ROCK', 15, 19),
('world3', 'ROCK', 16, 19),
('world3', 'ROCK', 17, 19),
('world3', 'ROCK', 18, 19),
('world3', 'ROCK', 19, 19),
('world3', 'ROCK', 20, 19),
('world3', 'ROCK', 21, 19),
('world3', 'ROCK', 22, 19),
('world3', 'ROCK', 26, 20),
('worldTest', 'ROCK', 22, 3),
('worldTest', 'ROCK', 1, 4),
('worldTest', 'ROCK', 11, 5),
('worldTest', 'ROCK', 22, 5),
('world1', 'WALL', 0, 0),
('world1', 'WALL', 1, 0),
('world1', 'WALL', 2, 0),
('world1', 'WALL', 3, 0),
('world1', 'WALL', 4, 0),
('world1', 'WALL', 5, 0),
('world1', 'WALL', 6, 0),
('world1', 'WALL', 7, 0),
('world1', 'WALL', 8, 0),
('world1', 'WALL', 9, 0),
('world1', 'WALL', 0, 1),
('world1', 'WALL', 9, 1),
('world1', 'WALL', 0, 2),
('world1', 'WALL', 9, 2),
('world1', 'WALL', 0, 3),
('world1', 'WALL', 9, 3),
('world1', 'WALL', 0, 4),
('world1', 'WALL', 9, 4),
('world1', 'WALL', 0, 5),
('world1', 'WALL', 9, 5),
('world1', 'WALL', 0, 6),
('world1', 'WALL', 10, 6),
('world1', 'WALL', 0, 7),
('world1', 'WALL', 9, 7),
('world1', 'WALL', 0, 8),
('world1', 'WALL', 9, 8),
('world1', 'WALL', 0, 9),
('world1', 'WALL', 1, 9),
('world1', 'WALL', 2, 9),
('world1', 'WALL', 3, 9),
('world1', 'WALL', 4, 9),
('world1', 'WALL', 5, 9),
('world1', 'WALL', 6, 9),
('world1', 'WALL', 7, 9),
('world1', 'WALL', 8, 9),
('world1', 'WALL', 9, 9),
('world2', 'WALL', 0, 0),
('world2', 'WALL', 1, 0),
('world2', 'WALL', 2, 0),
('world2', 'WALL', 3, 0),
('world2', 'WALL', 4, 0),
('world2', 'WALL', 5, 0),
('world2', 'WALL', 6, 0),
('world2', 'WALL', 7, 0),
('world2', 'WALL', 8, 0),
('world2', 'WALL', 9, 0),
('world2', 'WALL', 10, 0),
('world2', 'WALL', 11, 0),
('world2', 'WALL', 12, 0),
('world2', 'WALL', 13, 0),
('world2', 'WALL', 14, 0),
('world2', 'WALL', 15, 0),
('world2', 'WALL', 16, 0),
('world2', 'WALL', 17, 0),
('world2', 'WALL', 18, 0),
('world2', 'WALL', 19, 0),
('world2', 'WALL', 20, 0),
('world2', 'WALL', 21, 0),
('world2', 'WALL', 22, 0),
('world2', 'WALL', 23, 0),
('world2', 'WALL', 24, 0),
('world2', 'WALL', 25, 0),
('world2', 'WALL', 26, 0),
('world2', 'WALL', 27, 0),
('world2', 'WALL', 28, 0),
('world2', 'WALL', 29, 0),
('world2', 'WALL', 0, 1),
('world2', 'WALL', 1, 1),
('world2', 'WALL', 2, 1),
('world2', 'WALL', 3, 1),
('world2', 'WALL', 4, 1),
('world2', 'WALL', 5, 1),
('world2', 'WALL', 6, 1),
('world2', 'WALL', 7, 1),
('world2', 'WALL', 8, 1),
('world2', 'WALL', 9, 1),
('world2', 'WALL', 10, 1),
('world2', 'WALL', 11, 1),
('world2', 'WALL', 12, 1),
('world2', 'WALL', 13, 1),
('world2', 'WALL', 14, 1),
('world2', 'WALL', 15, 1),
('world2', 'WALL', 16, 1),
('world2', 'WALL', 17, 1),
('world2', 'WALL', 18, 1),
('world2', 'WALL', 19, 1),
('world2', 'WALL', 20, 1),
('world2', 'WALL', 21, 1),
('world2', 'WALL', 22, 1),
('world2', 'WALL', 23, 1),
('world2', 'WALL', 24, 1),
('world2', 'WALL', 25, 1),
('world2', 'WALL', 26, 1),
('world2', 'WALL', 27, 1),
('world2', 'WALL', 28, 1),
('world2', 'WALL', 29, 1),
('world2', 'WALL', 0, 2),
('world2', 'WALL', 29, 2),
('world2', 'WALL', 0, 3),
('world2', 'WALL', 29, 3),
('world2', 'WALL', 0, 4),
('world2', 'WALL', 1, 4),
('world2', 'WALL', 2, 4),
('world2', 'WALL', 3, 4),
('world2', 'WALL', 4, 4),
('world2', 'WALL', 5, 4),
('world2', 'WALL', 6, 4),
('world2', 'WALL', 7, 4),
('world2', 'WALL', 8, 4),
('world2', 'WALL', 9, 4),
('world2', 'WALL', 10, 4),
('world2', 'WALL', 11, 4),
('world2', 'WALL', 12, 4),
('world2', 'WALL', 13, 4),
('world2', 'WALL', 14, 4),
('world2', 'WALL', 15, 4),
('world2', 'WALL', 16, 4),
('world2', 'WALL', 18, 4),
('world2', 'WALL', 19, 4),
('world2', 'WALL', 20, 4),
('world2', 'WALL', 21, 4),
('world2', 'WALL', 22, 4),
('world2', 'WALL', 23, 4),
('world2', 'WALL', 24, 4),
('world2', 'WALL', 25, 4),
('world2', 'WALL', 26, 4),
('world2', 'WALL', 27, 4),
('world2', 'WALL', 28, 4),
('world2', 'WALL', 29, 4),
('world2', 'WALL', 0, 5),
('world2', 'WALL', 6, 5),
('world2', 'WALL', 29, 5),
('world2', 'WALL', 0, 6),
('world2', 'WALL', 6, 6),
('world2', 'WALL', 29, 6),
('world2', 'WALL', 0, 7),
('world2', 'WALL', 6, 7),
('world2', 'WALL', 27, 7),
('world2', 'WALL', 29, 7),
('world2', 'WALL', 0, 8),
('world2', 'WALL', 5, 8),
('world2', 'WALL', 6, 8),
('world2', 'WALL', 29, 8),
('world2', 'WALL', 0, 9),
('world2', 'WALL', 29, 9),
('world2', 'WALL', 0, 10),
('world2', 'WALL', 29, 10),
('world2', 'WALL', 0, 11),
('world2', 'WALL', 29, 11),
('world2', 'WALL', 0, 12),
('world2', 'WALL', 29, 12),
('world2', 'WALL', 0, 13),
('world2', 'WALL', 29, 13),
('world2', 'WALL', 0, 14),
('world2', 'WALL', 9, 14),
('world2', 'WALL', 10, 14),
('world2', 'WALL', 11, 14),
('world2', 'WALL', 12, 14),
('world2', 'WALL', 13, 14),
('world2', 'WALL', 14, 14),
('world2', 'WALL', 24, 14),
('world2', 'WALL', 25, 14),
('world2', 'WALL', 26, 14),
('world2', 'WALL', 27, 14),
('world2', 'WALL', 28, 14),
('world2', 'WALL', 29, 14),
('world2', 'WALL', 0, 15),
('world2', 'WALL', 1, 15),
('world2', 'WALL', 2, 15),
('world2', 'WALL', 3, 15),
('world2', 'WALL', 4, 15),
('world2', 'WALL', 5, 15),
('world2', 'WALL', 6, 15),
('world2', 'WALL', 16, 15),
('world2', 'WALL', 17, 15),
('world2', 'WALL', 18, 15),
('world2', 'WALL', 19, 15),
('world2', 'WALL', 20, 15),
('world2', 'WALL', 21, 15),
('world2', 'WALL', 22, 15),
('world2', 'WALL', 29, 15),
('world2', 'WALL', 0, 16),
('world2', 'WALL', 29, 16),
('world2', 'WALL', 0, 17),
('world2', 'WALL', 1, 17),
('world2', 'WALL', 2, 17),
('world2', 'WALL', 3, 17),
('world2', 'WALL', 4, 17),
('world2', 'WALL', 5, 17),
('world2', 'WALL', 29, 17),
('world2', 'WALL', 0, 18),
('world2', 'WALL', 1, 18),
('world2', 'WALL', 5, 18),
('world2', 'WALL', 6, 18),
('world2', 'WALL', 7, 18),
('world2', 'WALL', 8, 18),
('world2', 'WALL', 9, 18),
('world2', 'WALL', 10, 18),
('world2', 'WALL', 11, 18),
('world2', 'WALL', 12, 18),
('world2', 'WALL', 13, 18),
('world2', 'WALL', 14, 18),
('world2', 'WALL', 15, 18),
('world2', 'WALL', 16, 18),
('world2', 'WALL', 17, 18),
('world2', 'WALL', 18, 18),
('world2', 'WALL', 19, 18),
('world2', 'WALL', 20, 18),
('world2', 'WALL', 21, 18),
('world2', 'WALL', 22, 18),
('world2', 'WALL', 23, 18),
('world2', 'WALL', 29, 18),
('world2', 'WALL', 0, 19),
('world2', 'WALL', 23, 19),
('world2', 'WALL', 29, 19),
('world2', 'WALL', 0, 20),
('world2', 'WALL', 23, 20),
('world2', 'WALL', 29, 20),
('world2', 'WALL', 0, 21),
('world2', 'WALL', 23, 21),
('world2', 'WALL', 24, 21),
('world2', 'WALL', 25, 21),
('world2', 'WALL', 26, 21),
('world2', 'WALL', 29, 21),
('world2', 'WALL', 0, 22),
('world2', 'WALL', 23, 22),
('world2', 'WALL', 26, 22),
('world2', 'WALL', 29, 22),
('world2', 'WALL', 0, 23),
('world2', 'WALL', 23, 23),
('world2', 'WALL', 29, 23),
('world2', 'WALL', 0, 24),
('world2', 'WALL', 23, 24),
('world2', 'WALL', 29, 24),
('world2', 'WALL', 0, 25),
('world2', 'WALL', 29, 25),
('world2', 'WALL', 0, 26),
('world2', 'WALL', 25, 26),
('world2', 'WALL', 26, 26),
('world2', 'WALL', 27, 26),
('world2', 'WALL', 28, 26),
('world2', 'WALL', 29, 26),
('world2', 'WALL', 0, 27),
('world2', 'WALL', 1, 27),
('world2', 'WALL', 2, 27),
('world2', 'WALL', 3, 27),
('world2', 'WALL', 4, 27),
('world2', 'WALL', 5, 27),
('world2', 'WALL', 6, 27),
('world2', 'WALL', 22, 27),
('world2', 'WALL', 23, 27),
('world2', 'WALL', 24, 27),
('world2', 'WALL', 25, 27),
('world2', 'WALL', 26, 27),
('world2', 'WALL', 27, 27),
('world2', 'WALL', 28, 27),
('world2', 'WALL', 29, 27),
('world2', 'WALL', 0, 28),
('world2', 'WALL', 10, 28),
('world2', 'WALL', 11, 28),
('world2', 'WALL', 12, 28),
('world2', 'WALL', 13, 28),
('world2', 'WALL', 14, 28),
('world2', 'WALL', 29, 28),
('world2', 'WALL', 0, 29),
('world2', 'WALL', 1, 29),
('world2', 'WALL', 2, 29),
('world2', 'WALL', 3, 29),
('world2', 'WALL', 4, 29),
('world2', 'WALL', 5, 29),
('world2', 'WALL', 6, 29),
('world2', 'WALL', 7, 29),
('world2', 'WALL', 8, 29),
('world2', 'WALL', 9, 29),
('world2', 'WALL', 10, 29),
('world2', 'WALL', 11, 29),
('world2', 'WALL', 12, 29),
('world2', 'WALL', 13, 29),
('world2', 'WALL', 14, 29),
('world2', 'WALL', 15, 29),
('world2', 'WALL', 16, 29),
('world2', 'WALL', 17, 29),
('world2', 'WALL', 18, 29),
('world2', 'WALL', 19, 29),
('world2', 'WALL', 20, 29),
('world2', 'WALL', 21, 29),
('world2', 'WALL', 22, 29),
('world2', 'WALL', 23, 29),
('world2', 'WALL', 24, 29),
('world2', 'WALL', 25, 29),
('world2', 'WALL', 26, 29),
('world2', 'WALL', 27, 29),
('world2', 'WALL', 28, 29),
('world2', 'WALL', 29, 29),
('world2', 'WALL', 0, 30),
('world2', 'WALL', 1, 30),
('world2', 'WALL', 2, 30),
('world2', 'WALL', 3, 30),
('world2', 'WALL', 4, 30),
('world2', 'WALL', 5, 30),
('world2', 'WALL', 6, 30);
INSERT INTO `objectmap` (`MapName`, `TypeObject`, `CoordX`, `CoordY`) VALUES
('world2', 'WALL', 7, 30),
('world2', 'WALL', 8, 30),
('world2', 'WALL', 9, 30),
('world2', 'WALL', 10, 30),
('world2', 'WALL', 11, 30),
('world2', 'WALL', 12, 30),
('world2', 'WALL', 13, 30),
('world2', 'WALL', 14, 30),
('world2', 'WALL', 15, 30),
('world2', 'WALL', 16, 30),
('world2', 'WALL', 17, 30),
('world2', 'WALL', 18, 30),
('world2', 'WALL', 19, 30),
('world2', 'WALL', 20, 30),
('world2', 'WALL', 21, 30),
('world2', 'WALL', 22, 30),
('world2', 'WALL', 23, 30),
('world2', 'WALL', 24, 30),
('world2', 'WALL', 25, 30),
('world2', 'WALL', 26, 30),
('world2', 'WALL', 27, 30),
('world2', 'WALL', 28, 30),
('world2', 'WALL', 29, 30),
('world3', 'WALL', 0, 0),
('world3', 'WALL', 1, 0),
('world3', 'WALL', 2, 0),
('world3', 'WALL', 3, 0),
('world3', 'WALL', 4, 0),
('world3', 'WALL', 5, 0),
('world3', 'WALL', 6, 0),
('world3', 'WALL', 7, 0),
('world3', 'WALL', 8, 0),
('world3', 'WALL', 9, 0),
('world3', 'WALL', 10, 0),
('world3', 'WALL', 11, 0),
('world3', 'WALL', 12, 0),
('world3', 'WALL', 13, 0),
('world3', 'WALL', 14, 0),
('world3', 'WALL', 15, 0),
('world3', 'WALL', 16, 0),
('world3', 'WALL', 17, 0),
('world3', 'WALL', 18, 0),
('world3', 'WALL', 19, 0),
('world3', 'WALL', 20, 0),
('world3', 'WALL', 21, 0),
('world3', 'WALL', 22, 0),
('world3', 'WALL', 23, 0),
('world3', 'WALL', 24, 0),
('world3', 'WALL', 25, 0),
('world3', 'WALL', 26, 0),
('world3', 'WALL', 27, 0),
('world3', 'WALL', 28, 0),
('world3', 'WALL', 29, 0),
('world3', 'WALL', 30, 0),
('world3', 'WALL', 31, 0),
('world3', 'WALL', 32, 0),
('world3', 'WALL', 33, 0),
('world3', 'WALL', 34, 0),
('world3', 'WALL', 35, 0),
('world3', 'WALL', 36, 0),
('world3', 'WALL', 37, 0),
('world3', 'WALL', 38, 0),
('world3', 'WALL', 39, 0),
('world3', 'WALL', 40, 0),
('world3', 'WALL', 41, 0),
('world3', 'WALL', 42, 0),
('world3', 'WALL', 43, 0),
('world3', 'WALL', 44, 0),
('world3', 'WALL', 45, 0),
('world3', 'WALL', 46, 0),
('world3', 'WALL', 47, 0),
('world3', 'WALL', 48, 0),
('world3', 'WALL', 49, 0),
('world3', 'WALL', 50, 0),
('world3', 'WALL', 51, 0),
('world3', 'WALL', 52, 0),
('world3', 'WALL', 53, 0),
('world3', 'WALL', 54, 0),
('world3', 'WALL', 55, 0),
('world3', 'WALL', 0, 1),
('world3', 'WALL', 1, 1),
('world3', 'WALL', 2, 1),
('world3', 'WALL', 3, 1),
('world3', 'WALL', 4, 1),
('world3', 'WALL', 5, 1),
('world3', 'WALL', 6, 1),
('world3', 'WALL', 7, 1),
('world3', 'WALL', 8, 1),
('world3', 'WALL', 9, 1),
('world3', 'WALL', 10, 1),
('world3', 'WALL', 11, 1),
('world3', 'WALL', 12, 1),
('world3', 'WALL', 13, 1),
('world3', 'WALL', 14, 1),
('world3', 'WALL', 15, 1),
('world3', 'WALL', 16, 1),
('world3', 'WALL', 17, 1),
('world3', 'WALL', 18, 1),
('world3', 'WALL', 19, 1),
('world3', 'WALL', 20, 1),
('world3', 'WALL', 21, 1),
('world3', 'WALL', 22, 1),
('world3', 'WALL', 23, 1),
('world3', 'WALL', 24, 1),
('world3', 'WALL', 25, 1),
('world3', 'WALL', 26, 1),
('world3', 'WALL', 27, 1),
('world3', 'WALL', 28, 1),
('world3', 'WALL', 29, 1),
('world3', 'WALL', 30, 1),
('world3', 'WALL', 31, 1),
('world3', 'WALL', 32, 1),
('world3', 'WALL', 33, 1),
('world3', 'WALL', 34, 1),
('world3', 'WALL', 35, 1),
('world3', 'WALL', 36, 1),
('world3', 'WALL', 37, 1),
('world3', 'WALL', 38, 1),
('world3', 'WALL', 39, 1),
('world3', 'WALL', 40, 1),
('world3', 'WALL', 41, 1),
('world3', 'WALL', 42, 1),
('world3', 'WALL', 43, 1),
('world3', 'WALL', 44, 1),
('world3', 'WALL', 45, 1),
('world3', 'WALL', 46, 1),
('world3', 'WALL', 47, 1),
('world3', 'WALL', 48, 1),
('world3', 'WALL', 49, 1),
('world3', 'WALL', 50, 1),
('world3', 'WALL', 51, 1),
('world3', 'WALL', 52, 1),
('world3', 'WALL', 53, 1),
('world3', 'WALL', 54, 1),
('world3', 'WALL', 55, 1),
('world3', 'WALL', 0, 2),
('world3', 'WALL', 1, 2),
('world3', 'WALL', 2, 2),
('world3', 'WALL', 3, 2),
('world3', 'WALL', 4, 2),
('world3', 'WALL', 5, 2),
('world3', 'WALL', 6, 2),
('world3', 'WALL', 7, 2),
('world3', 'WALL', 8, 2),
('world3', 'WALL', 9, 2),
('world3', 'WALL', 10, 2),
('world3', 'WALL', 11, 2),
('world3', 'WALL', 12, 2),
('world3', 'WALL', 13, 2),
('world3', 'WALL', 14, 2),
('world3', 'WALL', 15, 2),
('world3', 'WALL', 16, 2),
('world3', 'WALL', 17, 2),
('world3', 'WALL', 18, 2),
('world3', 'WALL', 19, 2),
('world3', 'WALL', 20, 2),
('world3', 'WALL', 21, 2),
('world3', 'WALL', 22, 2),
('world3', 'WALL', 23, 2),
('world3', 'WALL', 24, 2),
('world3', 'WALL', 25, 2),
('world3', 'WALL', 26, 2),
('world3', 'WALL', 27, 2),
('world3', 'WALL', 28, 2),
('world3', 'WALL', 29, 2),
('world3', 'WALL', 30, 2),
('world3', 'WALL', 31, 2),
('world3', 'WALL', 32, 2),
('world3', 'WALL', 33, 2),
('world3', 'WALL', 34, 2),
('world3', 'WALL', 35, 2),
('world3', 'WALL', 36, 2),
('world3', 'WALL', 37, 2),
('world3', 'WALL', 38, 2),
('world3', 'WALL', 39, 2),
('world3', 'WALL', 40, 2),
('world3', 'WALL', 41, 2),
('world3', 'WALL', 42, 2),
('world3', 'WALL', 43, 2),
('world3', 'WALL', 44, 2),
('world3', 'WALL', 45, 2),
('world3', 'WALL', 46, 2),
('world3', 'WALL', 47, 2),
('world3', 'WALL', 48, 2),
('world3', 'WALL', 49, 2),
('world3', 'WALL', 50, 2),
('world3', 'WALL', 51, 2),
('world3', 'WALL', 52, 2),
('world3', 'WALL', 53, 2),
('world3', 'WALL', 54, 2),
('world3', 'WALL', 55, 2),
('world3', 'WALL', 0, 3),
('world3', 'WALL', 29, 3),
('world3', 'WALL', 55, 3),
('world3', 'WALL', 0, 4),
('world3', 'WALL', 1, 4),
('world3', 'WALL', 2, 4),
('world3', 'WALL', 3, 4),
('world3', 'WALL', 4, 4),
('world3', 'WALL', 5, 4),
('world3', 'WALL', 6, 4),
('world3', 'WALL', 7, 4),
('world3', 'WALL', 8, 4),
('world3', 'WALL', 9, 4),
('world3', 'WALL', 10, 4),
('world3', 'WALL', 11, 4),
('world3', 'WALL', 12, 4),
('world3', 'WALL', 18, 4),
('world3', 'WALL', 19, 4),
('world3', 'WALL', 20, 4),
('world3', 'WALL', 21, 4),
('world3', 'WALL', 22, 4),
('world3', 'WALL', 23, 4),
('world3', 'WALL', 24, 4),
('world3', 'WALL', 25, 4),
('world3', 'WALL', 26, 4),
('world3', 'WALL', 27, 4),
('world3', 'WALL', 28, 4),
('world3', 'WALL', 29, 4),
('world3', 'WALL', 55, 4),
('world3', 'WALL', 0, 5),
('world3', 'WALL', 1, 5),
('world3', 'WALL', 2, 5),
('world3', 'WALL', 3, 5),
('world3', 'WALL', 4, 5),
('world3', 'WALL', 5, 5),
('world3', 'WALL', 6, 5),
('world3', 'WALL', 7, 5),
('world3', 'WALL', 8, 5),
('world3', 'WALL', 9, 5),
('world3', 'WALL', 10, 5),
('world3', 'WALL', 11, 5),
('world3', 'WALL', 12, 5),
('world3', 'WALL', 18, 5),
('world3', 'WALL', 19, 5),
('world3', 'WALL', 20, 5),
('world3', 'WALL', 21, 5),
('world3', 'WALL', 22, 5),
('world3', 'WALL', 23, 5),
('world3', 'WALL', 24, 5),
('world3', 'WALL', 25, 5),
('world3', 'WALL', 26, 5),
('world3', 'WALL', 27, 5),
('world3', 'WALL', 28, 5),
('world3', 'WALL', 29, 5),
('world3', 'WALL', 34, 5),
('world3', 'WALL', 35, 5),
('world3', 'WALL', 36, 5),
('world3', 'WALL', 37, 5),
('world3', 'WALL', 38, 5),
('world3', 'WALL', 39, 5),
('world3', 'WALL', 40, 5),
('world3', 'WALL', 41, 5),
('world3', 'WALL', 42, 5),
('world3', 'WALL', 43, 5),
('world3', 'WALL', 44, 5),
('world3', 'WALL', 45, 5),
('world3', 'WALL', 46, 5),
('world3', 'WALL', 47, 5),
('world3', 'WALL', 48, 5),
('world3', 'WALL', 49, 5),
('world3', 'WALL', 55, 5),
('world3', 'WALL', 0, 6),
('world3', 'WALL', 6, 6),
('world3', 'WALL', 29, 6),
('world3', 'WALL', 55, 6),
('world3', 'WALL', 0, 7),
('world3', 'WALL', 6, 7),
('world3', 'WALL', 27, 7),
('world3', 'WALL', 29, 7),
('world3', 'WALL', 55, 7),
('world3', 'WALL', 0, 8),
('world3', 'WALL', 5, 8),
('world3', 'WALL', 6, 8),
('world3', 'WALL', 27, 8),
('world3', 'WALL', 29, 8),
('world3', 'WALL', 55, 8),
('world3', 'WALL', 0, 9),
('world3', 'WALL', 5, 9),
('world3', 'WALL', 6, 9),
('world3', 'WALL', 26, 9),
('world3', 'WALL', 29, 9),
('world3', 'WALL', 55, 9),
('world3', 'WALL', 0, 10),
('world3', 'WALL', 26, 10),
('world3', 'WALL', 29, 10),
('world3', 'WALL', 55, 10),
('world3', 'WALL', 0, 11),
('world3', 'WALL', 29, 11),
('world3', 'WALL', 38, 11),
('world3', 'WALL', 39, 11),
('world3', 'WALL', 40, 11),
('world3', 'WALL', 41, 11),
('world3', 'WALL', 42, 11),
('world3', 'WALL', 43, 11),
('world3', 'WALL', 44, 11),
('world3', 'WALL', 45, 11),
('world3', 'WALL', 46, 11),
('world3', 'WALL', 47, 11),
('world3', 'WALL', 48, 11),
('world3', 'WALL', 49, 11),
('world3', 'WALL', 50, 11),
('world3', 'WALL', 51, 11),
('world3', 'WALL', 52, 11),
('world3', 'WALL', 53, 11),
('world3', 'WALL', 54, 11),
('world3', 'WALL', 55, 11),
('world3', 'WALL', 0, 12),
('world3', 'WALL', 29, 12),
('world3', 'WALL', 30, 12),
('world3', 'WALL', 55, 12),
('world3', 'WALL', 0, 13),
('world3', 'WALL', 29, 13),
('world3', 'WALL', 30, 13),
('world3', 'WALL', 55, 13),
('world3', 'WALL', 0, 14),
('world3', 'WALL', 9, 14),
('world3', 'WALL', 10, 14),
('world3', 'WALL', 11, 14),
('world3', 'WALL', 12, 14),
('world3', 'WALL', 13, 14),
('world3', 'WALL', 14, 14),
('world3', 'WALL', 24, 14),
('world3', 'WALL', 25, 14),
('world3', 'WALL', 26, 14),
('world3', 'WALL', 27, 14),
('world3', 'WALL', 28, 14),
('world3', 'WALL', 29, 14),
('world3', 'WALL', 41, 14),
('world3', 'WALL', 0, 15),
('world3', 'WALL', 1, 15),
('world3', 'WALL', 2, 15),
('world3', 'WALL', 3, 15),
('world3', 'WALL', 4, 15),
('world3', 'WALL', 5, 15),
('world3', 'WALL', 6, 15),
('world3', 'WALL', 9, 15),
('world3', 'WALL', 10, 15),
('world3', 'WALL', 11, 15),
('world3', 'WALL', 12, 15),
('world3', 'WALL', 13, 15),
('world3', 'WALL', 14, 15),
('world3', 'WALL', 16, 15),
('world3', 'WALL', 17, 15),
('world3', 'WALL', 18, 15),
('world3', 'WALL', 19, 15),
('world3', 'WALL', 20, 15),
('world3', 'WALL', 21, 15),
('world3', 'WALL', 22, 15),
('world3', 'WALL', 24, 15),
('world3', 'WALL', 25, 15),
('world3', 'WALL', 26, 15),
('world3', 'WALL', 27, 15),
('world3', 'WALL', 28, 15),
('world3', 'WALL', 29, 15),
('world3', 'WALL', 40, 15),
('world3', 'WALL', 0, 16),
('world3', 'WALL', 1, 16),
('world3', 'WALL', 2, 16),
('world3', 'WALL', 3, 16),
('world3', 'WALL', 4, 16),
('world3', 'WALL', 5, 16),
('world3', 'WALL', 6, 16),
('world3', 'WALL', 16, 16),
('world3', 'WALL', 17, 16),
('world3', 'WALL', 18, 16),
('world3', 'WALL', 19, 16),
('world3', 'WALL', 20, 16),
('world3', 'WALL', 21, 16),
('world3', 'WALL', 22, 16),
('world3', 'WALL', 29, 16),
('world3', 'WALL', 31, 16),
('world3', 'WALL', 54, 16),
('world3', 'WALL', 0, 17),
('world3', 'WALL', 1, 17),
('world3', 'WALL', 2, 17),
('world3', 'WALL', 3, 17),
('world3', 'WALL', 4, 17),
('world3', 'WALL', 5, 17),
('world3', 'WALL', 29, 17),
('world3', 'WALL', 54, 17),
('world3', 'WALL', 0, 18),
('world3', 'WALL', 1, 18),
('world3', 'WALL', 5, 18),
('world3', 'WALL', 6, 18),
('world3', 'WALL', 19, 18),
('world3', 'WALL', 20, 18),
('world3', 'WALL', 21, 18),
('world3', 'WALL', 22, 18),
('world3', 'WALL', 23, 18),
('world3', 'WALL', 29, 18),
('world3', 'WALL', 54, 18),
('world3', 'WALL', 0, 19),
('world3', 'WALL', 23, 19),
('world3', 'WALL', 29, 19),
('world3', 'WALL', 54, 19),
('world3', 'WALL', 0, 20),
('world3', 'WALL', 23, 20),
('world3', 'WALL', 29, 20),
('world3', 'WALL', 54, 20),
('world3', 'WALL', 0, 21),
('world3', 'WALL', 23, 21),
('world3', 'WALL', 24, 21),
('world3', 'WALL', 25, 21),
('world3', 'WALL', 26, 21),
('world3', 'WALL', 29, 21),
('world3', 'WALL', 54, 21),
('world3', 'WALL', 0, 22),
('world3', 'WALL', 23, 22),
('world3', 'WALL', 26, 22),
('world3', 'WALL', 29, 22),
('world3', 'WALL', 54, 22),
('world3', 'WALL', 0, 23),
('world3', 'WALL', 23, 23),
('world3', 'WALL', 29, 23),
('world3', 'WALL', 54, 23),
('world3', 'WALL', 0, 24),
('world3', 'WALL', 23, 24),
('world3', 'WALL', 29, 24),
('world3', 'WALL', 54, 24),
('world3', 'WALL', 0, 25),
('world3', 'WALL', 29, 25),
('world3', 'WALL', 54, 25),
('world3', 'WALL', 0, 26),
('world3', 'WALL', 25, 26),
('world3', 'WALL', 26, 26),
('world3', 'WALL', 27, 26),
('world3', 'WALL', 28, 26),
('world3', 'WALL', 29, 26),
('world3', 'WALL', 54, 26),
('world3', 'WALL', 0, 27),
('world3', 'WALL', 1, 27),
('world3', 'WALL', 2, 27),
('world3', 'WALL', 3, 27),
('world3', 'WALL', 4, 27),
('world3', 'WALL', 5, 27),
('world3', 'WALL', 6, 27),
('world3', 'WALL', 22, 27),
('world3', 'WALL', 23, 27),
('world3', 'WALL', 24, 27),
('world3', 'WALL', 25, 27),
('world3', 'WALL', 26, 27),
('world3', 'WALL', 27, 27),
('world3', 'WALL', 28, 27),
('world3', 'WALL', 29, 27),
('world3', 'WALL', 54, 27),
('world3', 'WALL', 0, 28),
('world3', 'WALL', 10, 28),
('world3', 'WALL', 11, 28),
('world3', 'WALL', 12, 28),
('world3', 'WALL', 13, 28),
('world3', 'WALL', 14, 28),
('world3', 'WALL', 29, 28),
('world3', 'WALL', 54, 28),
('world3', 'WALL', 0, 29),
('world3', 'WALL', 1, 29),
('world3', 'WALL', 2, 29),
('world3', 'WALL', 3, 29),
('world3', 'WALL', 4, 29),
('world3', 'WALL', 5, 29),
('world3', 'WALL', 6, 29),
('world3', 'WALL', 7, 29),
('world3', 'WALL', 8, 29),
('world3', 'WALL', 9, 29),
('world3', 'WALL', 10, 29),
('world3', 'WALL', 11, 29),
('world3', 'WALL', 12, 29),
('world3', 'WALL', 13, 29),
('world3', 'WALL', 14, 29),
('world3', 'WALL', 15, 29),
('world3', 'WALL', 16, 29),
('world3', 'WALL', 17, 29),
('world3', 'WALL', 18, 29),
('world3', 'WALL', 19, 29),
('world3', 'WALL', 20, 29),
('world3', 'WALL', 21, 29),
('world3', 'WALL', 22, 29),
('world3', 'WALL', 23, 29),
('world3', 'WALL', 24, 29),
('world3', 'WALL', 25, 29),
('world3', 'WALL', 26, 29),
('world3', 'WALL', 27, 29),
('world3', 'WALL', 28, 29),
('world3', 'WALL', 29, 29),
('world3', 'WALL', 54, 29),
('world3', 'WALL', 0, 30),
('world3', 'WALL', 1, 30),
('world3', 'WALL', 2, 30),
('world3', 'WALL', 3, 30),
('world3', 'WALL', 4, 30),
('world3', 'WALL', 5, 30),
('world3', 'WALL', 6, 30),
('world3', 'WALL', 7, 30),
('world3', 'WALL', 8, 30),
('world3', 'WALL', 9, 30),
('world3', 'WALL', 10, 30),
('world3', 'WALL', 11, 30),
('world3', 'WALL', 12, 30),
('world3', 'WALL', 13, 30),
('world3', 'WALL', 14, 30),
('world3', 'WALL', 15, 30),
('world3', 'WALL', 16, 30),
('world3', 'WALL', 17, 30),
('world3', 'WALL', 18, 30),
('world3', 'WALL', 19, 30),
('world3', 'WALL', 20, 30),
('world3', 'WALL', 21, 30),
('world3', 'WALL', 22, 30),
('world3', 'WALL', 23, 30),
('world3', 'WALL', 24, 30),
('world3', 'WALL', 25, 30),
('world3', 'WALL', 26, 30),
('world3', 'WALL', 27, 30),
('world3', 'WALL', 28, 30),
('world3', 'WALL', 29, 30),
('world3', 'WALL', 54, 30),
('worldTest', 'WALL', 0, 0),
('worldTest', 'WALL', 1, 0),
('worldTest', 'WALL', 2, 0),
('worldTest', 'WALL', 3, 0),
('worldTest', 'WALL', 4, 0),
('worldTest', 'WALL', 5, 0),
('worldTest', 'WALL', 6, 0),
('worldTest', 'WALL', 7, 0),
('worldTest', 'WALL', 8, 0),
('worldTest', 'WALL', 9, 0),
('worldTest', 'WALL', 10, 0),
('worldTest', 'WALL', 11, 0),
('worldTest', 'WALL', 12, 0),
('worldTest', 'WALL', 13, 0),
('worldTest', 'WALL', 14, 0),
('worldTest', 'WALL', 15, 0),
('worldTest', 'WALL', 16, 0),
('worldTest', 'WALL', 17, 0),
('worldTest', 'WALL', 18, 0),
('worldTest', 'WALL', 19, 0),
('worldTest', 'WALL', 20, 0),
('worldTest', 'WALL', 21, 0),
('worldTest', 'WALL', 22, 0),
('worldTest', 'WALL', 23, 0),
('worldTest', 'WALL', 24, 0),
('worldTest', 'WALL', 25, 0),
('worldTest', 'WALL', 26, 0),
('worldTest', 'WALL', 27, 0),
('worldTest', 'WALL', 28, 0),
('worldTest', 'WALL', 29, 0),
('worldTest', 'WALL', 0, 1),
('worldTest', 'WALL', 1, 1),
('worldTest', 'WALL', 2, 1),
('worldTest', 'WALL', 3, 1),
('worldTest', 'WALL', 4, 1),
('worldTest', 'WALL', 5, 1),
('worldTest', 'WALL', 6, 1),
('worldTest', 'WALL', 7, 1),
('worldTest', 'WALL', 8, 1),
('worldTest', 'WALL', 9, 1),
('worldTest', 'WALL', 10, 1),
('worldTest', 'WALL', 11, 1),
('worldTest', 'WALL', 12, 1),
('worldTest', 'WALL', 13, 1),
('worldTest', 'WALL', 14, 1),
('worldTest', 'WALL', 15, 1),
('worldTest', 'WALL', 16, 1),
('worldTest', 'WALL', 17, 1),
('worldTest', 'WALL', 18, 1),
('worldTest', 'WALL', 19, 1),
('worldTest', 'WALL', 20, 1),
('worldTest', 'WALL', 21, 1),
('worldTest', 'WALL', 22, 1),
('worldTest', 'WALL', 23, 1),
('worldTest', 'WALL', 24, 1),
('worldTest', 'WALL', 25, 1),
('worldTest', 'WALL', 26, 1),
('worldTest', 'WALL', 27, 1),
('worldTest', 'WALL', 28, 1),
('worldTest', 'WALL', 29, 1),
('worldTest', 'WALL', 0, 2),
('worldTest', 'WALL', 29, 2),
('worldTest', 'WALL', 0, 3),
('worldTest', 'WALL', 29, 3),
('worldTest', 'WALL', 0, 4),
('worldTest', 'WALL', 29, 4),
('worldTest', 'WALL', 0, 5),
('worldTest', 'WALL', 29, 5),
('worldTest', 'WALL', 0, 6),
('worldTest', 'WALL', 29, 6),
('worldTest', 'WALL', 0, 7),
('worldTest', 'WALL', 29, 7),
('worldTest', 'WALL', 0, 8),
('worldTest', 'WALL', 29, 8),
('worldTest', 'WALL', 0, 9),
('worldTest', 'WALL', 29, 9),
('worldTest', 'WALL', 0, 10),
('worldTest', 'WALL', 29, 10),
('worldTest', 'WALL', 0, 11),
('worldTest', 'WALL', 29, 11),
('worldTest', 'WALL', 0, 12),
('worldTest', 'WALL', 29, 12),
('worldTest', 'WALL', 0, 13),
('worldTest', 'WALL', 29, 13),
('worldTest', 'WALL', 0, 14),
('worldTest', 'WALL', 29, 14),
('worldTest', 'WALL', 0, 15),
('worldTest', 'WALL', 1, 15),
('worldTest', 'WALL', 2, 15),
('worldTest', 'WALL', 3, 15),
('worldTest', 'WALL', 4, 15),
('worldTest', 'WALL', 5, 15),
('worldTest', 'WALL', 6, 15),
('worldTest', 'WALL', 7, 15),
('worldTest', 'WALL', 8, 15),
('worldTest', 'WALL', 9, 15),
('worldTest', 'WALL', 10, 15),
('worldTest', 'WALL', 11, 15),
('worldTest', 'WALL', 12, 15),
('worldTest', 'WALL', 13, 15),
('worldTest', 'WALL', 14, 15),
('worldTest', 'WALL', 15, 15),
('worldTest', 'WALL', 16, 15),
('worldTest', 'WALL', 17, 15),
('worldTest', 'WALL', 18, 15),
('worldTest', 'WALL', 19, 15),
('worldTest', 'WALL', 20, 15),
('worldTest', 'WALL', 21, 15),
('worldTest', 'WALL', 22, 15),
('worldTest', 'WALL', 23, 15),
('worldTest', 'WALL', 24, 15),
('worldTest', 'WALL', 25, 15),
('worldTest', 'WALL', 26, 15),
('worldTest', 'WALL', 27, 15),
('worldTest', 'WALL', 28, 15),
('worldTest', 'WALL', 29, 15),
('worldTest', 'WALL', 0, 16),
('worldTest', 'WALL', 1, 16),
('worldTest', 'WALL', 2, 16),
('worldTest', 'WALL', 3, 16),
('worldTest', 'WALL', 4, 16),
('worldTest', 'WALL', 5, 16),
('worldTest', 'WALL', 6, 16),
('worldTest', 'WALL', 7, 16),
('worldTest', 'WALL', 8, 16),
('worldTest', 'WALL', 9, 16),
('worldTest', 'WALL', 10, 16),
('worldTest', 'WALL', 11, 16),
('worldTest', 'WALL', 12, 16),
('worldTest', 'WALL', 13, 16),
('worldTest', 'WALL', 14, 16),
('worldTest', 'WALL', 15, 16),
('worldTest', 'WALL', 16, 16),
('worldTest', 'WALL', 17, 16),
('worldTest', 'WALL', 18, 16),
('worldTest', 'WALL', 19, 16),
('worldTest', 'WALL', 20, 16),
('worldTest', 'WALL', 21, 16),
('worldTest', 'WALL', 22, 16),
('worldTest', 'WALL', 23, 16),
('worldTest', 'WALL', 24, 16),
('worldTest', 'WALL', 25, 16),
('worldTest', 'WALL', 26, 16),
('worldTest', 'WALL', 27, 16),
('worldTest', 'WALL', 28, 16),
('worldTest', 'WALL', 29, 16);

-- --------------------------------------------------------

--
-- Structure de la table `objecttype`
--

DROP TABLE IF EXISTS `objecttype`;
CREATE TABLE IF NOT EXISTS `objecttype` (
  `TypeObject` varchar(255) NOT NULL,
  PRIMARY KEY (`TypeObject`)
) ENGINE=InnoDB DEFAULT CHARSET=latin1;

--
-- Déchargement des données de la table `objecttype`
--

INSERT INTO `objecttype` (`TypeObject`) VALUES
('CHARACTER'),
('DIAMOND'),
('DIRT'),
('EXIT'),
('MONSTER'),
('ROCK'),
('WALL');

--
-- Contraintes pour les tables déchargées
--

--
-- Contraintes pour la table `objectmap`
--
ALTER TABLE `objectmap`
  ADD CONSTRAINT `ObjectMap_Map_MapName_fk` FOREIGN KEY (`MapName`) REFERENCES `map` (`MapName`) ON DELETE CASCADE ON UPDATE CASCADE,
  ADD CONSTRAINT `ObjectMap_ObjectType_TypeObject_fk` FOREIGN KEY (`TypeObject`) REFERENCES `objecttype` (`TypeObject`) ON UPDATE CASCADE;
COMMIT;

/*!40101 SET CHARACTER_SET_CLIENT=@OLD_CHARACTER_SET_CLIENT */;
/*!40101 SET CHARACTER_SET_RESULTS=@OLD_CHARACTER_SET_RESULTS */;
/*!40101 SET COLLATION_CONNECTION=@OLD_COLLATION_CONNECTION */;
